"instrument","date","open","high","low","close","volume","source","complete"
"NAS100_USD","2023-11-01","14381","14723","14339.4","14720.2","95560","oanda_v20_mid_utc","true"
"NAS100_USD","2023-11-02","14719","14944.8","14705","14872","68771","oanda_v20_mid_utc","true"
"NAS100_USD","2023-11-03","14872.8","15158.4","14860.6","15114.2","67815","oanda_v20_mid_utc","true"
"NAS100_USD","2023-11-05","15126.5","15131.6","15101.8","15105","972","oanda_v20_mid_utc","true"
"NAS100_USD","2023-11-06","15104.2","15186.6","15073.6","15144.2","53653","oanda_v20_mid_utc","true"
"NAS100_USD","2023-11-07","15144.8","15347.2","15111.2","15303.6","52625","oanda_v20_mid_utc","true"
"NAS100_USD","2023-11-08","15303.6","15352.2","15222.2","15290.6","55538","oanda_v20_mid_utc","true"
"NAS100_USD","2023-11-09","15291.4","15389.2","15160.8","15169.4","74394","oanda_v20_mid_utc","true"
"NAS100_USD","2023-11-10","15168.6","15552.4","15144.4","15521.6","58367","oanda_v20_mid_utc","true"
"NAS100_USD","2023-11-12","15532","15540","15487.8","15499.6","1748","oanda_v20_mid_utc","true"
"NAS100_USD","2023-11-13","15499.8","15531.2","15404.4","15501.8","50996","oanda_v20_mid_utc","true"
"NAS100_USD","2023-11-14","15501","15862.6","15495.2","15844.6","56428","oanda_v20_mid_utc","true"
"NAS100_USD","2023-11-15","15845.4","15987.6","15774.4","15805.2","60653","oanda_v20_mid_utc","true"
"NAS100_USD","2023-11-16","15804.2","15849.6","15738.6","15829.2","59908","oanda_v20_mid_utc","true"
"NAS100_USD","2023-11-17","15829.8","15884.8","15768.2","15819.6","51814","oanda_v20_mid_utc","true"
"NAS100_USD","2023-11-19","15842.6","15848.2","15793.8","15808.8","981","oanda_v20_mid_utc","true"
"NAS100_USD","2023-11-20","15809.6","16061.2","15782.4","16045.2","45233","oanda_v20_mid_utc","true"
"NAS100_USD","2023-11-21","16044.6","16066.4","15861.4","15907.4","51320","oanda_v20_mid_utc","true"
"NAS100_USD","2023-11-22","15908","16125.4","15895.8","16001","56642","oanda_v20_mid_utc","true"
"NAS100_USD","2023-11-23","16002","16041.6","15994.2","16020","5164","oanda_v20_mid_utc","true"
"NAS100_USD","2023-11-24","16019.2","16026.2","15937.8","15967.4","23358","oanda_v20_mid_utc","true"
"NAS100_USD","2023-11-26","15959.2","15959.2","15939","15942.8","407","oanda_v20_mid_utc","true"
"NAS100_USD","2023-11-27","15942","16044.6","15894.8","15965.4","38955","oanda_v20_mid_utc","true"
"NAS100_USD","2023-11-28","15964.6","16026.8","15900.8","16011.8","48485","oanda_v20_mid_utc","true"
"NAS100_USD","2023-11-29","16012.4","16166","15984.4","16013.4","49853","oanda_v20_mid_utc","true"
"NAS100_USD","2023-11-30","16014.2","16064.8","15825.4","15932.2","60259","oanda_v20_mid_utc","true"
"NAS100_USD","2023-12-01","15931.4","16020.6","15833","16001.8","62683","oanda_v20_mid_utc","true"
"NAS100_USD","2023-12-03","15994.8","15996.8","15959.2","15963","668","oanda_v20_mid_utc","true"
"NAS100_USD","2023-12-04","15963.6","15974","15692.2","15827","53338","oanda_v20_mid_utc","true"
"NAS100_USD","2023-12-05","15827.6","15937.8","15739","15907.6","63334","oanda_v20_mid_utc","true"
"NAS100_USD","2023-12-06","15908.4","16017.6","15783.7","15799.4","59504","oanda_v20_mid_utc","true"
"NAS100_USD","2023-12-07","15798.6","16050.6","15774","16005","58164","oanda_v20_mid_utc","true"
"NAS100_USD","2023-12-08","16006.2","16103.2","15875.6","16078.2","61383","oanda_v20_mid_utc","true"
"NAS100_USD","2023-12-10","16074.8","16098.6","16068.2","16089.6","1798","oanda_v20_mid_utc","true"
"NAS100_USD","2023-12-11","16089.2","16242.2","16030.8","16235","61580","oanda_v20_mid_utc","true"
"NAS100_USD","2023-12-12","16235.4","16413.8","16179.2","16410.4","62456","oanda_v20_mid_utc","true"
"NAS100_USD","2023-12-13","16409.6","16623.8","16386.2","16623","57351","oanda_v20_mid_utc","true"
"NAS100_USD","2023-12-14","16621.8","16691.4","16436.8","16569.4","71997","oanda_v20_mid_utc","true"
"NAS100_USD","2023-12-15","16568.6","16697.2","16555.8","16624.8","58122","oanda_v20_mid_utc","true"
"NAS100_USD","2023-12-17","16638","16647.6","16612.8","16634","701","oanda_v20_mid_utc","true"
"NAS100_USD","2023-12-18","16633.4","16799","16618.8","16748","39804","oanda_v20_mid_utc","true"
"NAS100_USD","2023-12-19","16747.2","16857.8","16735","16852.4","42806","oanda_v20_mid_utc","true"
"NAS100_USD","2023-12-20","16853","16897.8","16585.8","16637.8","52749","oanda_v20_mid_utc","true"
"NAS100_USD","2023-12-21","16638.6","16797.2","16627.6","16773.6","70697","oanda_v20_mid_utc","true"
"NAS100_USD","2023-12-22","16774.4","16872.6","16723.6","16793.8","55225","oanda_v20_mid_utc","true"
"NAS100_USD","2023-12-25","16822.2","16842.6","16816.4","16836.4","612","oanda_v20_mid_utc","true"
"NAS100_USD","2023-12-26","16835.6","16953","16817","16921.8","26045","oanda_v20_mid_utc","true"
"NAS100_USD","2023-12-27","16921","16966.8","16888.4","16956.2","39573","oanda_v20_mid_utc","true"
"NAS100_USD","2023-12-28","16955.4","16999.2","16914.6","16936.6","32151","oanda_v20_mid_utc","true"
"NAS100_USD","2023-12-29","16935.4","16966.6","16774.4","16844.2","44741","oanda_v20_mid_utc","true"
"NAS100_USD","2024-01-01","16859.8","16874.2","16851.6","16866.8","427","oanda_v20_mid_utc","true"
"NAS100_USD","2024-01-02","16867.4","16875.6","16471.8","16572","63019","oanda_v20_mid_utc","true"
"NAS100_USD","2024-01-03","16571.2","16576","16375.2","16401.6","74593","oanda_v20_mid_utc","true"
"NAS100_USD","2024-01-04","16401","16439.4","16291.2","16311.8","63390","oanda_v20_mid_utc","true"
"NAS100_USD","2024-01-05","16311","16431.6","16189.6","16322.6","74211","oanda_v20_mid_utc","true"
"NAS100_USD","2024-01-07","16317.3","16346.6","16315.9","16339.8","3587","oanda_v20_mid_utc","true"
"NAS100_USD","2024-01-08","16339.2","16674","16235.4","16648","177530","oanda_v20_mid_utc","true"
"NAS100_USD","2024-01-09","16648","16732.8","16521.3","16702.2","192358","oanda_v20_mid_utc","true"
"NAS100_USD","2024-01-10","16702.4","16848.2","16666.2","16826.2","331337","oanda_v20_mid_utc","true"
"NAS100_USD","2024-01-11","16826.3","16921","16620.6","16818.6","422399","oanda_v20_mid_utc","true"
"NAS100_USD","2024-01-12","16819.4","16910.2","16734.1","16823.8","401252","oanda_v20_mid_utc","true"
"NAS100_USD","2024-01-14","16828.1","16832.8","16808","16814.2","3066","oanda_v20_mid_utc","true"
"NAS100_USD","2024-01-15","16815","16892.1","16802.4","16804.6","93593","oanda_v20_mid_utc","true"
"NAS100_USD","2024-01-16","16804.6","16902.6","16681.2","16858.4","429551","oanda_v20_mid_utc","true"
"NAS100_USD","2024-01-17","16858.1","16859.8","16568.2","16737.6","392976","oanda_v20_mid_utc","true"
"NAS100_USD","2024-01-18","16737.1","17035.2","16723","17032.8","424350","oanda_v20_mid_utc","true"
"NAS100_USD","2024-01-19","17031.9","17354.6","17015.2","17347.8","407293","oanda_v20_mid_utc","true"
"NAS100_USD","2024-01-21","17357","17382.8","17357","17367.6","6596","oanda_v20_mid_utc","true"
"NAS100_USD","2024-01-22","17367.6","17468","17322.2","17354.2","396282","oanda_v20_mid_utc","true"
"NAS100_USD","2024-01-23","17354.2","17470.6","17299.6","17468.8","342160","oanda_v20_mid_utc","true"
"NAS100_USD","2024-01-24","17468.6","17685.6","17462","17510","377437","oanda_v20_mid_utc","true"
"NAS100_USD","2024-01-25","17509.4","17644.8","17423.6","17435.6","445123","oanda_v20_mid_utc","true"
"NAS100_USD","2024-01-26","17435.6","17524.2","17359.2","17397.6","355794","oanda_v20_mid_utc","true"
"NAS100_USD","2024-01-28","17375.2","17385.8","17350.4","17372.6","5428","oanda_v20_mid_utc","true"
"NAS100_USD","2024-01-29","17373.2","17622.6","17372.1","17613.4","284673","oanda_v20_mid_utc","true"
"NAS100_USD","2024-01-30","17613.3","17627.2","17301.6","17339.2","341974","oanda_v20_mid_utc","true"
"NAS100_USD","2024-01-31","17339.4","17374.6","17113.2","17173","453822","oanda_v20_mid_utc","true"
"NAS100_USD","2024-02-01","17173","17549.6","17153.5","17498.6","387261","oanda_v20_mid_utc","true"
"NAS100_USD","2024-02-02","17497.4","17686.2","17370.6","17599","410734","oanda_v20_mid_utc","true"
"NAS100_USD","2024-02-04","17607.4","17633.6","17606.7","17618.8","8158","oanda_v20_mid_utc","true"
"NAS100_USD","2024-02-05","17618.7","17663.8","17465.4","17614.4","595421","oanda_v20_mid_utc","true"
"NAS100_USD","2024-02-06","17614.6","17686.4","17479.4","17572.1","544892","oanda_v20_mid_utc","true"
"NAS100_USD","2024-02-07","17572.2","17795.6","17549.8","17762.8","316145","oanda_v20_mid_utc","true"
"NAS100_USD","2024-02-08","17762.7","17816.8","17713.7","17785.6","277620","oanda_v20_mid_utc","true"
"NAS100_USD","2024-02-09","17785.7","17989.2","17770.6","17961.8","265064","oanda_v20_mid_utc","true"
"NAS100_USD","2024-02-11","17947.1","17961.4","17925.6","17956.8","3416","oanda_v20_mid_utc","true"
"NAS100_USD","2024-02-12","17956.8","18043.4","17833.8","17860.2","265661","oanda_v20_mid_utc","true"
"NAS100_USD","2024-02-13","17860","17885.4","17479.4","17622","403341","oanda_v20_mid_utc","true"
"NAS100_USD","2024-02-14","17622.3","17820.8","17601.2","17810.8","352537","oanda_v20_mid_utc","true"
"NAS100_USD","2024-02-15","17811","17902.8","17712.8","17886.5","330802","oanda_v20_mid_utc","true"
"NAS100_USD","2024-02-16","17886.6","17960","17652","17659.2","355274","oanda_v20_mid_utc","true"
"NAS100_USD","2024-02-18","17682.4","17729.6","17679","17714","4897","oanda_v20_mid_utc","true"
"NAS100_USD","2024-02-19","17714.4","17744.2","17676","17685","92915","oanda_v20_mid_utc","true"
"NAS100_USD","2024-02-20","17685.1","17689.6","17389.6","17516.6","375689","oanda_v20_mid_utc","true"
"NAS100_USD","2024-02-21","17516.6","17656.5","17324.4","17653.6","357448","oanda_v20_mid_utc","true"
"NAS100_USD","2024-02-22","17653.5","18037.8","17652.8","17991.9","363261","oanda_v20_mid_utc","true"
"NAS100_USD","2024-02-23","17991.8","18095.4","17897","17917.1","328322","oanda_v20_mid_utc","true"
"NAS100_USD","2024-02-25","17906.4","17942.3","17905.8","17936.5","3910","oanda_v20_mid_utc","true"
"NAS100_USD","2024-02-26","17936.2","18016.8","17876.2","17924.7","281044","oanda_v20_mid_utc","true"
"NAS100_USD","2024-02-27","17924.8","18002","17870.7","17965.3","295088","oanda_v20_mid_utc","true"
"NAS100_USD","2024-02-28","17965.2","17977","17814.4","17837.7","276866","oanda_v20_mid_utc","true"
"NAS100_USD","2024-02-29","17837.6","18076.7","17794","18026.9","319430","oanda_v20_mid_utc","true"
"NAS100_USD","2024-03-01","18027","18339.6","17997.7","18287.5","290978","oanda_v20_mid_utc","true"
"NAS100_USD","2024-03-03","18319.2","18331.4","18293.5","18309","5403","oanda_v20_mid_utc","true"
"NAS100_USD","2024-03-04","18309.7","18343.2","18191.6","18197.2","276124","oanda_v20_mid_utc","true"
"NAS100_USD","2024-03-05","18197.2","18212","17810.8","17940.5","336240","oanda_v20_mid_utc","true"
"NAS100_USD","2024-03-06","17940","18152.3","17920.8","17997.4","366181","oanda_v20_mid_utc","true"
"NAS100_USD","2024-03-07","17997.5","18340.6","17895","18246.8","347985","oanda_v20_mid_utc","true"
"NAS100_USD","2024-03-08","18246.8","18416.8","17995.5","18037.1","465590","oanda_v20_mid_utc","true"
"NAS100_USD","2024-03-10","18024.6","18027.4","17958.4","18026.3","10180","oanda_v20_mid_utc","true"
"NAS100_USD","2024-03-11","18025.8","18049.7","17873.4","18047.8","365810","oanda_v20_mid_utc","true"
"NAS100_USD","2024-03-12","18047.6","18262.8","17927.6","18250.4","337688","oanda_v20_mid_utc","true"
"NAS100_USD","2024-03-13","18250.5","18278.6","18056.9","18146.1","305630","oanda_v20_mid_utc","true"
"NAS100_USD","2024-03-14","18146","18201","17937.4","18014.4","357001","oanda_v20_mid_utc","true"
"NAS100_USD","2024-03-15","18014","18098.6","17787.4","17844.4","319623","oanda_v20_mid_utc","true"
"NAS100_USD","2024-03-17","17852.6","17883.9","17843.5","17860.4","7179","oanda_v20_mid_utc","true"
"NAS100_USD","2024-03-18","17860.5","18161.6","17844.8","17976.6","296655","oanda_v20_mid_utc","true"
"NAS100_USD","2024-03-19","17977.3","18081.6","17838.5","18057.5","303920","oanda_v20_mid_utc","true"
"NAS100_USD","2024-03-20","18057.4","18377.8","18016.5","18367.8","307378","oanda_v20_mid_utc","true"
"NAS100_USD","2024-03-21","18367.4","18497","18339.9","18376","285624","oanda_v20_mid_utc","true"
"NAS100_USD","2024-03-22","18375.6","18417.3","18279.8","18355.4","281989","oanda_v20_mid_utc","true"
"NAS100_USD","2024-03-24","18368.6","18379.8","18344.6","18377.6","5401","oanda_v20_mid_utc","true"
"NAS100_USD","2024-03-25","18377.8","18392.2","18207","18339.8","246822","oanda_v20_mid_utc","true"
"NAS100_USD","2024-03-26","18339.5","18417.8","18241.6","18290.4","276997","oanda_v20_mid_utc","true"
"NAS100_USD","2024-03-27","18290.2","18372.5","18179.5","18285.2","292422","oanda_v20_mid_utc","true"
"NAS100_USD","2024-03-28","18285.3","18342.9","18254.4","18271.1","285460","oanda_v20_mid_utc","true"
"NAS100_USD","2024-03-31","18349.4","18418.2","18337.2","18415.4","9099","oanda_v20_mid_utc","true"
"NAS100_USD","2024-04-01","18415.2","18417.4","18221.3","18285.6","231884","oanda_v20_mid_utc","true"
"NAS100_USD","2024-04-02","18285.4","18326","18016.9","18147.4","289943","oanda_v20_mid_utc","true"
"NAS100_USD","2024-04-03","18146.3","18304.4","18051.9","18265.4","283272","oanda_v20_mid_utc","true"
"NAS100_USD","2024-04-04","18265.9","18387.8","17876.5","17912.5","331441","oanda_v20_mid_utc","true"
"NAS100_USD","2024-04-05","17912.6","18234.7","17873.4","18137","362875","oanda_v20_mid_utc","true"
"NAS100_USD","2024-04-07","18193.6","18193.6","18132.8","18146.4","6190","oanda_v20_mid_utc","true"
"NAS100_USD","2024-04-08","18147.4","18202.1","18065","18128.6","286818","oanda_v20_mid_utc","true"
"NAS100_USD","2024-04-09","18128.6","18240.8","17987.5","18202","325747","oanda_v20_mid_utc","true"
"NAS100_USD","2024-04-10","18202.2","18302.8","17888","17997.8","411106","oanda_v20_mid_utc","true"
"NAS100_USD","2024-04-11","17998","18359.3","17929.2","18330.6","356016","oanda_v20_mid_utc","true"
"NAS100_USD","2024-04-12","18330.6","18348.1","17964.6","18017","381018","oanda_v20_mid_utc","true"
"NAS100_USD","2024-04-14","18033.1","18099","18015","18081.8","15165","oanda_v20_mid_utc","true"
"NAS100_USD","2024-04-15","18081.8","18195","17694.8","17723.6","401584","oanda_v20_mid_utc","true"
"NAS100_USD","2024-04-16","17725.2","17845.6","17645.3","17793.8","418749","oanda_v20_mid_utc","true"
"NAS100_USD","2024-04-17","17793.8","17826.2","17478","17547.6","389935","oanda_v20_mid_utc","true"
"NAS100_USD","2024-04-18","17547.6","17631.9","17341","17355.8","360794","oanda_v20_mid_utc","true"
"NAS100_USD","2024-04-19","17356.4","17418.8","16985.3","17052.5","518003","oanda_v20_mid_utc","true"
"NAS100_USD","2024-04-21","17109.6","17144.2","17067.8","17141.4","9881","oanda_v20_mid_utc","true"
"NAS100_USD","2024-04-22","17140.4","17327.9","17020","17202.4","327646","oanda_v20_mid_utc","true"
"NAS100_USD","2024-04-23","17202.6","17596.8","17171.8","17579.8","329029","oanda_v20_mid_utc","true"
"NAS100_USD","2024-04-24","17580","17675","17327","17343.2","342288","oanda_v20_mid_utc","true"
"NAS100_USD","2024-04-25","17343.4","17712.2","17188","17643.8","430640","oanda_v20_mid_utc","true"
"NAS100_USD","2024-04-26","17643.6","17787.4","17553","17724.1","356879","oanda_v20_mid_utc","true"
"NAS100_USD","2024-04-28","17753.8","17776.1","17739.8","17773.4","6111","oanda_v20_mid_utc","true"
"NAS100_USD","2024-04-29","17773.2","17835.3","17685.2","17802.9","346261","oanda_v20_mid_utc","true"
"NAS100_USD","2024-04-30","17803","17813.8","17370.2","17405.4","328952","oanda_v20_mid_utc","true"
"NAS100_USD","2024-05-01","17406.4","17693.1","17300.3","17430.6","405239","oanda_v20_mid_utc","true"
"NAS100_USD","2024-05-02","17429.8","17709.1","17288.8","17656.8","353032","oanda_v20_mid_utc","true"
"NAS100_USD","2024-05-03","17656.5","17950.4","17622.1","17926.5","314911","oanda_v20_mid_utc","true"
"NAS100_USD","2024-05-05","17939","17950.4","17902.8","17906.6","5958","oanda_v20_mid_utc","true"
"NAS100_USD","2024-05-06","17906.8","18103.4","17886.2","18084.7","228653","oanda_v20_mid_utc","true"
"NAS100_USD","2024-05-07","18084.8","18167.6","18051.7","18106.6","271273","oanda_v20_mid_utc","true"
"NAS100_USD","2024-05-08","18107.3","18144.8","17975.1","18066","243848","oanda_v20_mid_utc","true"
"NAS100_USD","2024-05-09","18067.1","18145.4","18008.6","18133.2","262571","oanda_v20_mid_utc","true"
"NAS100_USD","2024-05-10","18134.2","18249.7","18094.6","18153.8","243687","oanda_v20_mid_utc","true"
"NAS100_USD","2024-05-12","18146.2","18164.8","18139.2","18155.6","5612","oanda_v20_mid_utc","true"
"NAS100_USD","2024-05-13","18156","18246","18144.9","18196.6","230393","oanda_v20_mid_utc","true"
"NAS100_USD","2024-05-14","18196.6","18353.8","18080.2","18335.4","306980","oanda_v20_mid_utc","true"
"NAS100_USD","2024-05-15","18335.2","18641.8","18311.1","18635.7","309162","oanda_v20_mid_utc","true"
"NAS100_USD","2024-05-16","18637.4","18675.2","18551.9","18569.4","307990","oanda_v20_mid_utc","true"
"NAS100_USD","2024-05-17","18569.3","18604.6","18466.4","18556.5","266418","oanda_v20_mid_utc","true"
"NAS100_USD","2024-05-19","18564.9","18592.6","18560.6","18588.8","3980","oanda_v20_mid_utc","true"
"NAS100_USD","2024-05-20","18589.8","18716","18556.9","18675.6","236106","oanda_v20_mid_utc","true"
"NAS100_USD","2024-05-21","18675.4","18739.2","18602.2","18737.1","221903","oanda_v20_mid_utc","true"
"NAS100_USD","2024-05-22","18736.1","18818.3","18608.3","18802.4","277627","oanda_v20_mid_utc","true"
"NAS100_USD","2024-05-23","18802.4","18950","18549.3","18632.4","334944","oanda_v20_mid_utc","true"
"NAS100_USD","2024-05-24","18631.5","18858","18614.6","18804","271664","oanda_v20_mid_utc","true"
"NAS100_USD","2024-05-26","18806.8","18818.6","18768.3","18768.8","4603","oanda_v20_mid_utc","true"
"NAS100_USD","2024-05-27","18769.4","18887.9","18766.2","18840","67328","oanda_v20_mid_utc","true"
"NAS100_USD","2024-05-28","18839.8","18913.1","18751.8","18875.6","301940","oanda_v20_mid_utc","true"
"NAS100_USD","2024-05-29","18875.5","18880","18652.8","18671.4","302107","oanda_v20_mid_utc","true"
"NAS100_USD","2024-05-30","18671","18734","18499.3","18508.6","307069","oanda_v20_mid_utc","true"
"NAS100_USD","2024-05-31","18508","18617.4","18191.1","18526","360014","oanda_v20_mid_utc","true"
"NAS100_USD","2024-06-02","18546","18552","18493","18545.6","9646","oanda_v20_mid_utc","true"
"NAS100_USD","2024-06-03","18545.3","18708.9","18389.5","18602.4","343369","oanda_v20_mid_utc","true"
"NAS100_USD","2024-06-04","18601.8","18708.8","18463.5","18698.9","334125","oanda_v20_mid_utc","true"
"NAS100_USD","2024-06-05","18699.5","19067.6","18664","19051.2","276600","oanda_v20_mid_utc","true"
"NAS100_USD","2024-06-06","19051.4","19083","18985","19039.2","296333","oanda_v20_mid_utc","true"
"NAS100_USD","2024-06-07","19039.4","19123.8","18904.1","18999","335192","oanda_v20_mid_utc","true"
"NAS100_USD","2024-06-09","18991","19027.2","18989.4","18995","7254","oanda_v20_mid_utc","true"
"NAS100_USD","2024-06-10","18995.1","19104.6","18942.2","19059.4","313778","oanda_v20_mid_utc","true"
"NAS100_USD","2024-06-11","19059.2","19248.6","18969.6","19235.4","337196","oanda_v20_mid_utc","true"
"NAS100_USD","2024-06-12","19235.6","19593.1","19217.3","19581.3","394150","oanda_v20_mid_utc","true"
"NAS100_USD","2024-06-13","19581.1","19668.4","19481.4","19596","295888","oanda_v20_mid_utc","true"
"NAS100_USD","2024-06-14","19594.7","19679.4","19478.8","19673.4","339433","oanda_v20_mid_utc","true"
"NAS100_USD","2024-06-16","19657.6","19705.4","19650.6","19691.5","5628","oanda_v20_mid_utc","true"
"NAS100_USD","2024-06-17","19691.8","19990.1","19620.6","19927","327878","oanda_v20_mid_utc","true"
"NAS100_USD","2024-06-18","19927","19991.6","19855.4","19973.5","310762","oanda_v20_mid_utc","true"
"NAS100_USD","2024-06-19","19973.4","20003.6","19959","19994","60960","oanda_v20_mid_utc","true"
"NAS100_USD","2024-06-20","19993.9","20128.9","19727.1","19837.5","406588","oanda_v20_mid_utc","true"
"NAS100_USD","2024-06-21","19837.6","19853.4","19682.1","19780.6","300401","oanda_v20_mid_utc","true"
"NAS100_USD","2024-06-23","19781.2","19798.9","19773.8","19778.4","4369","oanda_v20_mid_utc","true"
"NAS100_USD","2024-06-24","19778.2","19799.7","19507.8","19551.3","343948","oanda_v20_mid_utc","true"
"NAS100_USD","2024-06-25","19551.4","19770","19506.2","19748.6","316332","oanda_v20_mid_utc","true"
"NAS100_USD","2024-06-26","19748.4","19852.9","19684","19703.4","336184","oanda_v20_mid_utc","true"
"NAS100_USD","2024-06-27","19703.2","19901.1","19659.1","19880.2","315834","oanda_v20_mid_utc","true"
"NAS100_USD","2024-06-28","19880.2","20057.9","19694.3","19754.9","350728","oanda_v20_mid_utc","true"
"NAS100_USD","2024-06-30","19756.6","19771.8","19721.8","19733.2","7974","oanda_v20_mid_utc","true"
"NAS100_USD","2024-07-01","19733.5","19872","19599.5","19817.6","376629","oanda_v20_mid_utc","true"
"NAS100_USD","2024-07-02","19818","20058.2","19708","20035.2","342808","oanda_v20_mid_utc","true"
"NAS100_USD","2024-07-03","20035.6","20233.7","20002.8","20201","229265","oanda_v20_mid_utc","true"
"NAS100_USD","2024-07-04","20200.7","20216.1","20168.6","20187","58343","oanda_v20_mid_utc","true"
"NAS100_USD","2024-07-05","20187.1","20438.3","20180.6","20393.6","312916","oanda_v20_mid_utc","true"
"NAS100_USD","2024-07-07","20385.8","20416.7","20385.5","20389.5","5496","oanda_v20_mid_utc","true"
"NAS100_USD","2024-07-08","20389.2","20546.4","20378.2","20544.8","300811","oanda_v20_mid_utc","true"
"NAS100_USD","2024-07-09","20544.6","20578.3","20425","20506.3","327900","oanda_v20_mid_utc","true"
"NAS100_USD","2024-07-10","20506.2","20725.5","20505.2","20690","305996","oanda_v20_mid_utc","true"
"NAS100_USD","2024-07-11","20689.8","20792","20191.8","20229","412502","oanda_v20_mid_utc","true"
"NAS100_USD","2024-07-12","20228.4","20558.8","20151","20357","376242","oanda_v20_mid_utc","true"
"NAS100_USD","2024-07-14","20377.6","20379.3","20326.4","20378.2","9360","oanda_v20_mid_utc","true"
"NAS100_USD","2024-07-15","20378.2","20614.6","20324.5","20449.8","366928","oanda_v20_mid_utc","true"
"NAS100_USD","2024-07-16","20450","20501.8","20295.6","20396.4","352117","oanda_v20_mid_utc","true"
"NAS100_USD","2024-07-17","20396.8","20410.1","19804.7","19897","461972","oanda_v20_mid_utc","true"
"NAS100_USD","2024-07-18","19897","20001","19600.9","19787.6","531803","oanda_v20_mid_utc","true"
"NAS100_USD","2024-07-19","19788.2","19821","19501","19552.2","481558","oanda_v20_mid_utc","true"
"NAS100_USD","2024-07-21","19585.9","19688.2","19579.6","19663.9","13106","oanda_v20_mid_utc","true"
"NAS100_USD","2024-07-22","19663.6","19899.3","19565.8","19809.8","433924","oanda_v20_mid_utc","true"
"NAS100_USD","2024-07-23","19809","19940.6","19642.8","19649","375131","oanda_v20_mid_utc","true"
"NAS100_USD","2024-07-24","19648.8","19694.2","19033","19135.2","408826","oanda_v20_mid_utc","true"
"NAS100_USD","2024-07-25","19134.1","19261.7","18747.8","18893.4","624385","oanda_v20_mid_utc","true"
"NAS100_USD","2024-07-26","18893.2","19168.7","18888.8","19044.5","497350","oanda_v20_mid_utc","true"
"NAS100_USD","2024-07-28","19082","19124.4","19072.1","19113","10279","oanda_v20_mid_utc","true"
"NAS100_USD","2024-07-29","19113","19248","18984.7","19012.2","460984","oanda_v20_mid_utc","true"
"NAS100_USD","2024-07-30","19012.1","19198.3","18613.4","18944.6","517484","oanda_v20_mid_utc","true"
"NAS100_USD","2024-07-31","18944.6","19568","18899","19556.5","545857","oanda_v20_mid_utc","true"
"NAS100_USD","2024-08-01","19556.2","19598.8","18724","18795.9","664248","oanda_v20_mid_utc","true"
"NAS100_USD","2024-08-02","18794.4","18816","18267.9","18409.8","644107","oanda_v20_mid_utc","true"
"NAS100_USD","2024-08-04","18241.2","18281.6","18110.6","18159.4","12432","oanda_v20_mid_utc","true"
"NAS100_USD","2024-08-05","18159.8","18194.8","17248.4","18191.8","589580","oanda_v20_mid_utc","true"
"NAS100_USD","2024-08-06","18192.8","18390.4","17872","17963.8","589506","oanda_v20_mid_utc","true"
"NAS100_USD","2024-08-07","17964","18465.7","17652.3","17751.5","585203","oanda_v20_mid_utc","true"
"NAS100_USD","2024-08-08","17752","18526","17732.8","18510.8","515461","oanda_v20_mid_utc","true"
"NAS100_USD","2024-08-09","18510.2","18584.8","18292.8","18507.6","446623","oanda_v20_mid_utc","true"
"NAS100_USD","2024-08-11","18532.1","18566.2","18425.1","18536.1","10500","oanda_v20_mid_utc","true"
"NAS100_USD","2024-08-12","18536.4","18673.3","18432.6","18569.8","348443","oanda_v20_mid_utc","true"
"NAS100_USD","2024-08-13","18572.4","19040.1","18552.2","19033.6","330272","oanda_v20_mid_utc","true"
"NAS100_USD","2024-08-14","19033.3","19122","18842.5","19021.4","390673","oanda_v20_mid_utc","true"
"NAS100_USD","2024-08-15","19021.5","19551","19019.4","19524","322420","oanda_v20_mid_utc","true"
"NAS100_USD","2024-08-16","19524.8","19593.6","19359.2","19523.4","319059","oanda_v20_mid_utc","true"
"NAS100_USD","2024-08-18","19537.2","19586.7","19536.4","19561.2","9060","oanda_v20_mid_utc","true"
"NAS100_USD","2024-08-19","19561.7","19799.6","19439.2","19782","293883","oanda_v20_mid_utc","true"
"NAS100_USD","2024-08-20","19782.2","19852.4","19664.7","19714.2","324953","oanda_v20_mid_utc","true"
"NAS100_USD","2024-08-21","19714","19905.7","19695.8","19859.4","356082","oanda_v20_mid_utc","true"
"NAS100_USD","2024-08-22","19858.2","19948.2","19470.1","19566.6","438232","oanda_v20_mid_utc","true"
"NAS100_USD","2024-08-23","19566.4","19831.1","19524.6","19707.8","384809","oanda_v20_mid_utc","true"
"NAS100_USD","2024-08-25","19721.2","19762.1","19648.2","19694.6","10246","oanda_v20_mid_utc","true"
"NAS100_USD","2024-08-26","19695.4","19777.6","19438.5","19511.9","378898","oanda_v20_mid_utc","true"
"NAS100_USD","2024-08-27","19511.6","19635","19382.9","19527.8","337224","oanda_v20_mid_utc","true"
"NAS100_USD","2024-08-28","19528","19630.8","19088","19139.8","420762","oanda_v20_mid_utc","true"
"NAS100_USD","2024-08-29","19139.8","19638.8","19138.8","19377.8","458921","oanda_v20_mid_utc","true"
"NAS100_USD","2024-08-30","19377.9","19583.4","19318","19545.6","388347","oanda_v20_mid_utc","true"
"NAS100_USD","2024-09-01","19562.8","19577","19520","19536.9","5206","oanda_v20_mid_utc","true"
"NAS100_USD","2024-09-02","19536.8","19632.7","19462","19530.2","94134","oanda_v20_mid_utc","true"
"NAS100_USD","2024-09-03","19532.4","19593.9","18873.8","18918.8","459206","oanda_v20_mid_utc","true"
"NAS100_USD","2024-09-04","18918.9","19075.8","18787.6","18895.8","465362","oanda_v20_mid_utc","true"
"NAS100_USD","2024-09-05","18895.8","19114","18793.2","18874.4","436812","oanda_v20_mid_utc","true"
"NAS100_USD","2024-09-06","18875","18935.2","18309.8","18338.4","521737","oanda_v20_mid_utc","true"
"NAS100_USD","2024-09-08","18385","18431","18356.5","18416.6","13557","oanda_v20_mid_utc","true"
"NAS100_USD","2024-09-09","18416.8","18718.2","18411","18690.4","412662","oanda_v20_mid_utc","true"
"NAS100_USD","2024-09-10","18690.2","18854","18560.4","18814.6","402452","oanda_v20_mid_utc","true"
"NAS100_USD","2024-09-11","18814.6","19275.6","18525.3","19225.8","510744","oanda_v20_mid_utc","true"
"NAS100_USD","2024-09-12","19226","19467.4","19167.3","19434.8","449904","oanda_v20_mid_utc","true"
"NAS100_USD","2024-09-13","19436.2","19559","19380.4","19491.7","361705","oanda_v20_mid_utc","true"
"NAS100_USD","2024-09-15","19498.8","19530.6","19463.3","19523.2","7482","oanda_v20_mid_utc","true"
"NAS100_USD","2024-09-16","19523.1","19527.6","19283.6","19442.6","338709","oanda_v20_mid_utc","true"
"NAS100_USD","2024-09-17","19442.2","19619.8","19354.8","19495.2","425490","oanda_v20_mid_utc","true"
"NAS100_USD","2024-09-18","19496.8","19698.4","19361.5","19560.5","410437","oanda_v20_mid_utc","true"
"NAS100_USD","2024-09-19","19559.6","20002.5","19474.5","19848.9","432975","oanda_v20_mid_utc","true"
"NAS100_USD","2024-09-20","19848.4","19888.8","19659.8","19820.8","348751","oanda_v20_mid_utc","true"
"NAS100_USD","2024-09-22","19823.6","19871.2","19801.8","19867.6","5895","oanda_v20_mid_utc","true"
"NAS100_USD","2024-09-23","19867.6","19968.5","19760.8","19880.1","323375","oanda_v20_mid_utc","true"
"NAS100_USD","2024-09-24","19880","20026.3","19764.6","19993.8","331917","oanda_v20_mid_utc","true"
"NAS100_USD","2024-09-25","19994","20098","19878","20091.6","308258","oanda_v20_mid_utc","true"
"NAS100_USD","2024-09-26","20090.8","20351.4","20002.2","20162","383664","oanda_v20_mid_utc","true"
"NAS100_USD","2024-09-27","20163.2","20213.2","19994","20018.8","365524","oanda_v20_mid_utc","true"
"NAS100_USD","2024-09-29","20021","20101.6","19978.8","20092.3","7745","oanda_v20_mid_utc","true"
"NAS100_USD","2024-09-30","20093.6","20113.4","19884.5","20074.6","370902","oanda_v20_mid_utc","true"
"NAS100_USD","2024-10-01","20074","20158","19645.2","19760.4","462640","oanda_v20_mid_utc","true"
"NAS100_USD","2024-10-02","19760.2","19917","19661.5","19885.4","371163","oanda_v20_mid_utc","true"
"NAS100_USD","2024-10-03","19885.2","19943.2","19681.6","19815.3","413484","oanda_v20_mid_utc","true"
"NAS100_USD","2024-10-04","19815.4","20095.4","19780.8","20030.9","409154","oanda_v20_mid_utc","true"
"NAS100_USD","2024-10-06","20066","20096.8","20054.2","20063.8","8954","oanda_v20_mid_utc","true"
"NAS100_USD","2024-10-07","20062.8","20096","19740.5","19821.9","405447","oanda_v20_mid_utc","true"
"NAS100_USD","2024-10-08","19824.6","20169.8","19781.2","20114.4","363627","oanda_v20_mid_utc","true"
"NAS100_USD","2024-10-09","20114.4","20324.5","20036.6","20292","333702","oanda_v20_mid_utc","true"
"NAS100_USD","2024-10-10","20292.8","20349.8","20143.5","20295.6","361859","oanda_v20_mid_utc","true"
"NAS100_USD","2024-10-11","20296","20338","20158.5","20258.3","275635","oanda_v20_mid_utc","true"
"NAS100_USD","2024-10-13","20270","20294.1","20251.4","20270.4","6096","oanda_v20_mid_utc","true"
"NAS100_USD","2024-10-14","20270.6","20523.3","20227.6","20484.9","248532","oanda_v20_mid_utc","true"
"NAS100_USD","2024-10-15","20484.8","20512","20110.5","20208.2","402769","oanda_v20_mid_utc","true"
"NAS100_USD","2024-10-16","20210","20254","20062.8","20174.4","314561","oanda_v20_mid_utc","true"
"NAS100_USD","2024-10-17","20173.4","20454.5","20137.6","20267.6","378281","oanda_v20_mid_utc","true"
"NAS100_USD","2024-10-18","20267.4","20391.9","20183.4","20348.1","263624","oanda_v20_mid_utc","true"
"NAS100_USD","2024-10-20","20368","20390.4","20365","20378.6","5181","oanda_v20_mid_utc","true"
"NAS100_USD","2024-10-21","20378.8","20420.3","20209","20389.2","301552","oanda_v20_mid_utc","true"
"NAS100_USD","2024-10-22","20389.8","20477.3","20233.9","20405.8","312952","oanda_v20_mid_utc","true"
"NAS100_USD","2024-10-23","20406","20417.8","19958.6","20169.4","362668","oanda_v20_mid_utc","true"
"NAS100_USD","2024-10-24","20169.8","20306.3","20141.5","20263.6","328471","oanda_v20_mid_utc","true"
"NAS100_USD","2024-10-25","20263.8","20589.5","20247.3","20359.6","335379","oanda_v20_mid_utc","true"
"NAS100_USD","2024-10-27","20430.8","20504.7","20428","20480.6","8780","oanda_v20_mid_utc","true"
"NAS100_USD","2024-10-28","20480.8","20559.3","20374.1","20395.4","339129","oanda_v20_mid_utc","true"
"NAS100_USD","2024-10-29","20395.6","20656.2","20320.3","20643","333243","oanda_v20_mid_utc","true"
"NAS100_USD","2024-10-30","20643.7","20683.1","20318.2","20321","377968","oanda_v20_mid_utc","true"
"NAS100_USD","2024-10-31","20321","20358.4","19910.9","19975","448723","oanda_v20_mid_utc","true"
"NAS100_USD","2024-11-01","19974.8","20190","19919.2","20072.8","422636","oanda_v20_mid_utc","true"
"NAS100_USD","2024-11-03","20007.6","20060.3","19974.3","20037.3","7661","oanda_v20_mid_utc","true"
"NAS100_USD","2024-11-04","20039.4","20151.2","19916","19999.2","380691","oanda_v20_mid_utc","true"
"NAS100_USD","2024-11-05","19999.3","20298","19953.6","20255.8","335367","oanda_v20_mid_utc","true"
"NAS100_USD","2024-11-06","20255.8","20848.1","20236.5","20802.8","473950","oanda_v20_mid_utc","true"
"NAS100_USD","2024-11-07","20804","21166.2","20773.8","21137","345049","oanda_v20_mid_utc","true"
"NAS100_USD","2024-11-08","21137.6","21174.8","21032","21138.6","296672","oanda_v20_mid_utc","true"
"NAS100_USD","2024-11-10","21175.4","21221.3","21173.5","21214.2","4382","oanda_v20_mid_utc","true"
"NAS100_USD","2024-11-11","21213.6","21250.3","21018.5","21136.4","305465","oanda_v20_mid_utc","true"
"NAS100_USD","2024-11-12","21136.4","21171.5","20977.9","21083.8","355853","oanda_v20_mid_utc","true"
"NAS100_USD","2024-11-13","21084.5","21191","20980.5","21091","391251","oanda_v20_mid_utc","true"
"NAS100_USD","2024-11-14","21092.5","21115.4","20862.2","20875.1","415852","oanda_v20_mid_utc","true"
"NAS100_USD","2024-11-15","20875.2","20881.6","20335.8","20431.8","427876","oanda_v20_mid_utc","true"
"NAS100_USD","2024-11-17","20420.6","20496.7","20404.8","20496.4","5823","oanda_v20_mid_utc","true"
"NAS100_USD","2024-11-18","20496.2","20652.3","20410.6","20558.6","343735","oanda_v20_mid_utc","true"
"NAS100_USD","2024-11-19","20559","20730.5","20318","20721.4","406282","oanda_v20_mid_utc","true"
"NAS100_USD","2024-11-20","20721.2","20781","20415.4","20689.6","416173","oanda_v20_mid_utc","true"
"NAS100_USD","2024-11-21","20689.4","20842.4","20451.4","20714","528962","oanda_v20_mid_utc","true"
"NAS100_USD","2024-11-22","20714.2","20821.1","20633.2","20817.7","443926","oanda_v20_mid_utc","true"
"NAS100_USD","2024-11-24","20880.8","20895.2","20870.6","20877.2","3697","oanda_v20_mid_utc","true"
"NAS100_USD","2024-11-25","20877.2","21021.8","20729.2","20783.5","384859","oanda_v20_mid_utc","true"
"NAS100_USD","2024-11-26","20783.4","20973.1","20704","20935.2","363866","oanda_v20_mid_utc","true"
"NAS100_USD","2024-11-27","20936","20968.2","20628.4","20776.9","326051","oanda_v20_mid_utc","true"
"NAS100_USD","2024-11-28","20777","20862.3","20776.5","20840.4","65811","oanda_v20_mid_utc","true"
"NAS100_USD","2024-11-29","20840.2","20973.9","20757.8","20946","202725","oanda_v20_mid_utc","true"
"NAS100_USD","2024-12-01","20955","20957.9","20910.2","20921.6","5599","oanda_v20_mid_utc","true"
"NAS100_USD","2024-12-02","20922.9","21223.7","20897.2","21177.6","301594","oanda_v20_mid_utc","true"
"NAS100_USD","2024-12-03","21178.1","21301.9","21098","21299.3","281522","oanda_v20_mid_utc","true"
"NAS100_USD","2024-12-04","21299.4","21516.5","21282.3","21477","288456","oanda_v20_mid_utc","true"
"NAS100_USD","2024-12-05","21476.4","21536.2","21390.9","21421.9","275521","oanda_v20_mid_utc","true"
"NAS100_USD","2024-12-06","21421.6","21635","21409","21601.3","280486","oanda_v20_mid_utc","true"
"NAS100_USD","2024-12-08","21597.8","21637.2","21593.6","21625","4097","oanda_v20_mid_utc","true"
"NAS100_USD","2024-12-09","21624.7","21673.4","21404.1","21440.7","292309","oanda_v20_mid_utc","true"
"NAS100_USD","2024-12-10","21440","21581.9","21330.5","21406","307218","oanda_v20_mid_utc","true"
"NAS100_USD","2024-12-11","21406","21800","21383.6","21738.7","290682","oanda_v20_mid_utc","true"
"NAS100_USD","2024-12-12","21737.6","21752.5","21588","21726.6","282428","oanda_v20_mid_utc","true"
"NAS100_USD","2024-12-13","21726.4","21889.2","21648.6","21744","336790","oanda_v20_mid_utc","true"
"NAS100_USD","2024-12-15","21752","21783.6","21745.6","21772.6","4122","oanda_v20_mid_utc","true"
"NAS100_USD","2024-12-16","21772.6","22135.4","21766.7","22082.6","343101","oanda_v20_mid_utc","true"
"NAS100_USD","2024-12-17","22082.8","22108","21916.8","21983.8","372149","oanda_v20_mid_utc","true"
"NAS100_USD","2024-12-18","21984.2","22097.5","21051.4","21211","447666","oanda_v20_mid_utc","true"
"NAS100_USD","2024-12-19","21210.8","21437.8","21115.5","21142.4","578151","oanda_v20_mid_utc","true"
"NAS100_USD","2024-12-20","21142.2","21610","20775","21352.2","604559","oanda_v20_mid_utc","true"
"NAS100_USD","2024-12-22","21452.4","21486.7","21441.4","21460.9","6041","oanda_v20_mid_utc","true"
"NAS100_USD","2024-12-23","21461","21586.8","21281.6","21547.2","426512","oanda_v20_mid_utc","true"
"NAS100_USD","2024-12-24","21547.5","21859.5","21519.3","21856.6","190474","oanda_v20_mid_utc","true"
"NAS100_USD","2024-12-25","21866","21890.6","21859.3","21869.6","4028","oanda_v20_mid_utc","true"
"NAS100_USD","2024-12-26","21869.8","21920.6","21680.5","21818.8","300116","oanda_v20_mid_utc","true"
"NAS100_USD","2024-12-27","21819.9","21821.8","21320.5","21541.6","424598","oanda_v20_mid_utc","true"
"NAS100_USD","2024-12-29","21560.6","21562.2","21492.2","21523","5157","oanda_v20_mid_utc","true"
"NAS100_USD","2024-12-30","21523.6","21542.8","21074.6","21221.5","416580","oanda_v20_mid_utc","true"
"NAS100_USD","2024-12-31","21221.6","21354.7","21015.3","21068.2","391787","oanda_v20_mid_utc","true"
"NAS100_USD","2025-01-01","21094.2","21153.8","21077.8","21100.2","5565","oanda_v20_mid_utc","true"
"NAS100_USD","2025-01-02","21100.4","21323.4","20823.6","21000.4","551479","oanda_v20_mid_utc","true"
"NAS100_USD","2025-01-03","21000.6","21397.3","20991.2","21327.7","358761","oanda_v20_mid_utc","true"
"NAS100_USD","2025-01-05","21370.9","21375.8","21340","21362.9","4566","oanda_v20_mid_utc","true"
"NAS100_USD","2025-01-06","21363.3","21734.5","21317.4","21613","434188","oanda_v20_mid_utc","true"
"NAS100_USD","2025-01-07","21613.3","21648","21126.7","21238","491816","oanda_v20_mid_utc","true"
"NAS100_USD","2025-01-08","21237.8","21293.3","21016.6","21165.4","510180","oanda_v20_mid_utc","true"
"NAS100_USD","2025-01-09","21165.6","21197.2","21061.7","21087.7","97178","oanda_v20_mid_utc","true"
"NAS100_USD","2025-01-10","21088.6","21221.8","20725.2","20847.8","514431","oanda_v20_mid_utc","true"
"NAS100_USD","2025-01-12","20848.6","20884.4","20800","20856.3","6162","oanda_v20_mid_utc","true"
"NAS100_USD","2025-01-13","20854.2","20954.2","20551.6","20911.6","513761","oanda_v20_mid_utc","true"
"NAS100_USD","2025-01-14","20912.3","21009.6","20641.3","20815.3","504227","oanda_v20_mid_utc","true"
"NAS100_USD","2025-01-15","20815","21318.7","20776.3","21281.4","395089","oanda_v20_mid_utc","true"
"NAS100_USD","2025-01-16","21282.1","21431.8","21041","21103.4","485087","oanda_v20_mid_utc","true"
"NAS100_USD","2025-01-17","21103.1","21548.5","21095.7","21456.2","375862","oanda_v20_mid_utc","true"
"NAS100_USD","2025-01-19","21480.4","21483","21397.6","21415.1","7441","oanda_v20_mid_utc","true"
"NAS100_USD","2025-01-20","21416.2","21647.7","21406.2","21602","171127","oanda_v20_mid_utc","true"
"NAS100_USD","2025-01-21","21602.6","21699.2","21249.9","21689","417061","oanda_v20_mid_utc","true"
"NAS100_USD","2025-01-22","21689","21972.4","21683.4","21844.6","331162","oanda_v20_mid_utc","true"
"NAS100_USD","2025-01-23","21844.4","21932.4","21734.9","21892.8","331421","oanda_v20_mid_utc","true"
"NAS100_USD","2025-01-24","21893.2","21960.3","21728.5","21792.7","357266","oanda_v20_mid_utc","true"
"NAS100_USD","2025-01-26","21579.2","21607.7","21517.2","21550.2","15061","oanda_v20_mid_utc","true"
"NAS100_USD","2025-01-27","21550.4","21557.2","20648.9","21215.4","800160","oanda_v20_mid_utc","true"
"NAS100_USD","2025-01-28","21215","21513.4","21049.3","21433.6","492527","oanda_v20_mid_utc","true"
"NAS100_USD","2025-01-29","21434.3","21585.2","21256.3","21426.3","507413","oanda_v20_mid_utc","true"
"NAS100_USD","2025-01-30","21426.4","21636.3","21307.6","21586.6","514318","oanda_v20_mid_utc","true"
"NAS100_USD","2025-01-31","21586.3","21853.6","21424.6","21447.1","497097","oanda_v20_mid_utc","true"
"NAS100_USD","2025-02-02","20982","21029.6","20958.4","21006","5153","oanda_v20_mid_utc","true"
"NAS100_USD","2025-02-03","21005.8","21475.2","20868.5","21462.5","628445","oanda_v20_mid_utc","true"
"NAS100_USD","2025-02-04","21462.6","21592.4","21133.8","21467.2","430872","oanda_v20_mid_utc","true"
"NAS100_USD","2025-02-05","21468.1","21700.3","21331.4","21677.6","393134","oanda_v20_mid_utc","true"
"NAS100_USD","2025-02-06","21677.8","21787.5","21611.6","21758","350910","oanda_v20_mid_utc","true"
"NAS100_USD","2025-02-07","21757.8","21871.9","21463","21487.3","468190","oanda_v20_mid_utc","true"
"NAS100_USD","2025-02-09","21396.7","21562.2","21396.7","21551.8","9932","oanda_v20_mid_utc","true"
"NAS100_USD","2025-02-10","21551.5","21799.8","21548.8","21710","289467","oanda_v20_mid_utc","true"
"NAS100_USD","2025-02-11","21710.5","21785.4","21584.3","21736.6","314119","oanda_v20_mid_utc","true"
"NAS100_USD","2025-02-12","21736.9","21827","21436.6","21817.3","398559","oanda_v20_mid_utc","true"
"NAS100_USD","2025-02-13","21816.8","22053.6","21682.4","22011.4","398028","oanda_v20_mid_utc","true"
"NAS100_USD","2025-02-14","22012.8","22152.2","21970","22136.7","290642","oanda_v20_mid_utc","true"
"NAS100_USD","2025-02-16","22153.4","22157.1","22125.9","22141","4653","oanda_v20_mid_utc","true"
"NAS100_USD","2025-02-17","22140","22210.8","22122","22149.4","82618","oanda_v20_mid_utc","true"
"NAS100_USD","2025-02-18","22149","22248","22032.3","22189.3","322346","oanda_v20_mid_utc","true"
"NAS100_USD","2025-02-19","22188.9","22241.3","22057.1","22155.5","320029","oanda_v20_mid_utc","true"
"NAS100_USD","2025-02-20","22155.6","22167","21889.1","22099","371909","oanda_v20_mid_utc","true"
"NAS100_USD","2025-02-21","22098.8","22182.5","21595.6","21603.5","453434","oanda_v20_mid_utc","true"
"NAS100_USD","2025-02-23","21651.3","21716.1","21619.2","21699.6","9316","oanda_v20_mid_utc","true"
"NAS100_USD","2025-02-24","21700.1","21754.1","21317.6","21336","510177","oanda_v20_mid_utc","true"
"NAS100_USD","2025-02-25","21337.2","21402.4","20942","21180.4","623496","oanda_v20_mid_utc","true"
"NAS100_USD","2025-02-26","21179.2","21365.9","21021.6","21169.4","541356","oanda_v20_mid_utc","true"
"NAS100_USD","2025-02-27","21169.6","21343.4","20543.2","20630.7","636514","oanda_v20_mid_utc","true"
"NAS100_USD","2025-02-28","20630.4","20904.7","20417.4","20867.6","654165","oanda_v20_mid_utc","true"
"NAS100_USD","2025-03-02","20958.9","20996","20909.6","20928.4","12071","oanda_v20_mid_utc","true"
"NAS100_USD","2025-03-03","20929.3","21081","20278","20474.8","671537","oanda_v20_mid_utc","true"
"NAS100_USD","2025-03-04","20474.2","20703.4","20035.6","20548.9","804437","oanda_v20_mid_utc","true"
"NAS100_USD","2025-03-05","20548.5","20697.3","20186.2","20576","697402","oanda_v20_mid_utc","true"
"NAS100_USD","2025-03-06","20574.3","20618","19976.6","20156.6","721983","oanda_v20_mid_utc","true"
"NAS100_USD","2025-03-07","20156.8","20260.8","19736.7","20173.6","717441","oanda_v20_mid_utc","true"
"NAS100_USD","2025-03-09","20047.6","20085.2","19907.6","20007.7","19785","oanda_v20_mid_utc","true"
"NAS100_USD","2025-03-10","20005.6","20129","19212.4","19285.8","716155","oanda_v20_mid_utc","true"
"NAS100_USD","2025-03-11","19286.6","19667.6","19124.9","19461.6","737051","oanda_v20_mid_utc","true"
"NAS100_USD","2025-03-12","19461.8","19771.3","19370.8","19669.2","660073","oanda_v20_mid_utc","true"
"NAS100_USD","2025-03-13","19668.8","19678.6","19157.7","19343.2","674224","oanda_v20_mid_utc","true"
"NAS100_USD","2025-03-14","19342.8","19727","19319.4","19649.2","549492","oanda_v20_mid_utc","true"
"NAS100_USD","2025-03-16","19658","19664.6","19535.8","19569.6","19211","oanda_v20_mid_utc","true"
"NAS100_USD","2025-03-17","19568.6","19952.3","19538.9","19814.2","552996","oanda_v20_mid_utc","true"
"NAS100_USD","2025-03-18","19813.1","19821.8","19395.8","19511.6","577945","oanda_v20_mid_utc","true"
"NAS100_USD","2025-03-19","19511.4","19963.4","19463","19850.8","457025","oanda_v20_mid_utc","true"
"NAS100_USD","2025-03-20","19850.8","19923.7","19554.2","19705","469493","oanda_v20_mid_utc","true"
"NAS100_USD","2025-03-21","19704.8","19802.2","19423.3","19794.4","485028","oanda_v20_mid_utc","true"
"NAS100_USD","2025-03-23","19887.6","19939.2","19881.6","19932.8","13392","oanda_v20_mid_utc","true"
"NAS100_USD","2025-03-24","19933.2","20234","19921.5","20179.6","355234","oanda_v20_mid_utc","true"
"NAS100_USD","2025-03-25","20180","20359.2","20118.6","20350.2","329501","oanda_v20_mid_utc","true"
"NAS100_USD","2025-03-26","20350.2","20363.2","19830.4","19885.6","457163","oanda_v20_mid_utc","true"
"NAS100_USD","2025-03-27","19885.8","20025.4","19764.8","19800.2","540678","oanda_v20_mid_utc","true"
"NAS100_USD","2025-03-28","19800.4","19843.4","19209.2","19213.3","528916","oanda_v20_mid_utc","true"
"NAS100_USD","2025-03-30","19143.2","19166.9","19056.8","19098.6","23902","oanda_v20_mid_utc","true"
"NAS100_USD","2025-03-31","19097.2","19341.8","18817.8","19210.8","685626","oanda_v20_mid_utc","true"
"NAS100_USD","2025-04-01","19211.1","19543.5","19113.5","19495.2","663715","oanda_v20_mid_utc","true"
"NAS100_USD","2025-04-02","19495.2","19895","18668.6","18727.2","696244","oanda_v20_mid_utc","true"
"NAS100_USD","2025-04-03","18727","19025.1","18449.1","18511.8","755599","oanda_v20_mid_utc","true"
"NAS100_USD","2025-04-04","18511.8","18570.8","17259.6","17364.8","1052315","oanda_v20_mid_utc","true"
"NAS100_USD","2025-04-06","16548","16718.2","16335.1","16594.6","27650","oanda_v20_mid_utc","true"
"NAS100_USD","2025-04-07","16595","18230.3","16353","17642.5","1022554","oanda_v20_mid_utc","true"
"NAS100_USD","2025-04-08","17640.3","18232.8","16754.6","16870.1","972514","oanda_v20_mid_utc","true"
"NAS100_USD","2025-04-09","16870.3","19268.2","16614.2","19198.4","967140","oanda_v20_mid_utc","true"
"NAS100_USD","2025-04-10","19194.6","19220","17804.4","18239.4","1051133","oanda_v20_mid_utc","true"
"NAS100_USD","2025-04-11","18239.6","18751","17956.8","18693.7","853984","oanda_v20_mid_utc","true"
"NAS100_USD","2025-04-13","18982","19002.2","18809.6","18890.2","34801","oanda_v20_mid_utc","true"
"NAS100_USD","2025-04-14","18889","19133.5","18616.2","18731.8","681349","oanda_v20_mid_utc","true"
"NAS100_USD","2025-04-15","18730.5","19026.4","18576.1","18610.6","595419","oanda_v20_mid_utc","true"
"NAS100_USD","2025-04-16","18610.6","18741.6","18003.8","18289.2","660146","oanda_v20_mid_utc","true"
"NAS100_USD","2025-04-17","18289.2","18539","18149","18319.6","643910","oanda_v20_mid_utc","true"
"NAS100_USD","2025-04-20","18241.2","18246.3","18144","18206.2","13262","oanda_v20_mid_utc","true"
"NAS100_USD","2025-04-21","18204","18264.2","17592.4","17895.2","454048","oanda_v20_mid_utc","true"
"NAS100_USD","2025-04-22","17895.3","18703.5","17840","18664.4","570165","oanda_v20_mid_utc","true"
"NAS100_USD","2025-04-23","18663.9","19067.8","18527.1","18739.3","676159","oanda_v20_mid_utc","true"
"NAS100_USD","2025-04-24","18739.6","19336.8","18495","19315","513882","oanda_v20_mid_utc","true"
"NAS100_USD","2025-04-25","19313.6","19490.8","19118.2","19452.4","547543","oanda_v20_mid_utc","true"
"NAS100_USD","2025-04-27","19404.5","19414.3","19337.9","19358.6","9220","oanda_v20_mid_utc","true"
"NAS100_USD","2025-04-28","19357.4","19524.6","19159.8","19436.6","475179","oanda_v20_mid_utc","true"
"NAS100_USD","2025-04-29","19436.4","19597","19287.2","19471.2","507085","oanda_v20_mid_utc","true"
"NAS100_USD","2025-04-30","19470.4","19846.6","19013","19829","606024","oanda_v20_mid_utc","true"
"NAS100_USD","2025-05-01","19830.2","20037","19658.8","19699","517994","oanda_v20_mid_utc","true"
"NAS100_USD","2025-05-02","19699","20186.7","19664","20112.3","510489","oanda_v20_mid_utc","true"
"NAS100_USD","2025-05-04","20083.2","20088.7","19963.6","19995.4","16877","oanda_v20_mid_utc","true"
"NAS100_USD","2025-05-05","19995.5","20108.8","19878.8","19925.6","403769","oanda_v20_mid_utc","true"
"NAS100_USD","2025-05-06","19926.2","20054.6","19656.8","19988.6","501333","oanda_v20_mid_utc","true"
"NAS100_USD","2025-05-07","19987.9","20027","19602.8","19876.2","568640","oanda_v20_mid_utc","true"
"NAS100_USD","2025-05-08","19877.2","20261.3","19849.6","20062.8","521963","oanda_v20_mid_utc","true"
"NAS100_USD","2025-05-09","20061.8","20212","19981.8","20066.1","438541","oanda_v20_mid_utc","true"
"NAS100_USD","2025-05-11","20362.6","20425.7","20301.1","20375.8","19055","oanda_v20_mid_utc","true"
"NAS100_USD","2025-05-12","20375.8","20923.2","20365.2","20835.7","494931","oanda_v20_mid_utc","true"
"NAS100_USD","2025-05-13","20836.6","21273.9","20746","21219.8","417044","oanda_v20_mid_utc","true"
"NAS100_USD","2025-05-14","21220","21348.5","21166","21301.1","425961","oanda_v20_mid_utc","true"
"NAS100_USD","2025-05-15","21301","21455.1","21118","21338.1","423595","oanda_v20_mid_utc","true"
"NAS100_USD","2025-05-16","21339.1","21437.7","21243.8","21333","338411","oanda_v20_mid_utc","true"
"NAS100_USD","2025-05-18","21253.4","21342.6","21223.8","21307.2","17657","oanda_v20_mid_utc","true"
"NAS100_USD","2025-05-19","21308.4","21493.4","21038.8","21472","391544","oanda_v20_mid_utc","true"
"NAS100_USD","2025-05-20","21471","21495","21234.4","21367.2","383832","oanda_v20_mid_utc","true"
"NAS100_USD","2025-05-21","21368.4","21496.5","21011","21084.2","501933","oanda_v20_mid_utc","true"
"NAS100_USD","2025-05-22","21085.5","21277.7","20978","21119.2","468899","oanda_v20_mid_utc","true"
"NAS100_USD","2025-05-23","21119.3","21171.8","20667.9","20897.4","487849","oanda_v20_mid_utc","true"
"NAS100_USD","2025-05-25","20908","21170.6","20902.6","21132.8","22586","oanda_v20_mid_utc","true"
"NAS100_USD","2025-05-26","21132.8","21251.2","21112","21179.6","117650","oanda_v20_mid_utc","true"
"NAS100_USD","2025-05-27","21179.6","21440.8","21085.6","21423","323967","oanda_v20_mid_utc","true"
"NAS100_USD","2025-05-28","21422.9","21731","21287.1","21719.4","394196","oanda_v20_mid_utc","true"
"NAS100_USD","2025-05-29","21720.8","21813.6","21256.6","21271.8","514622","oanda_v20_mid_utc","true"
"NAS100_USD","2025-05-30","21271.8","21391.2","21026.8","21322.8","498493","oanda_v20_mid_utc","true"
"NAS100_USD","2025-06-01","21272.6","21306.2","21235","21261.6","11953","oanda_v20_mid_utc","true"
"NAS100_USD","2025-06-02","21262.1","21541.9","21121.2","21460.2","410837","oanda_v20_mid_utc","true"
"NAS100_USD","2025-06-03","21461.2","21727.1","21364.9","21671.2","357027","oanda_v20_mid_utc","true"
"NAS100_USD","2025-06-04","21671.2","21767.9","21607.5","21709","360157","oanda_v20_mid_utc","true"
"NAS100_USD","2025-06-05","21709.4","21899.5","21451.6","21512.4","504358","oanda_v20_mid_utc","true"
"NAS100_USD","2025-06-06","21511.6","21843","21510.8","21781","405836","oanda_v20_mid_utc","true"
"NAS100_USD","2025-06-08","21789.6","21789.6","21697.7","21733","13761","oanda_v20_mid_utc","true"
"NAS100_USD","2025-06-09","21733.4","21862.2","21687.2","21810.8","315296","oanda_v20_mid_utc","true"
"NAS100_USD","2025-06-10","21810.9","21982.2","21710.6","21934.8","397523","oanda_v20_mid_utc","true"
"NAS100_USD","2025-06-11","21934.2","22074.2","21771.5","21818.4","439455","oanda_v20_mid_utc","true"
"NAS100_USD","2025-06-12","21818.8","21957.8","21697.1","21767.8","377065","oanda_v20_mid_utc","true"
"NAS100_USD","2025-06-13","21768.2","21839.2","21454.1","21637.6","535587","oanda_v20_mid_utc","true"
"NAS100_USD","2025-06-15","21546.6","21686.1","21523.8","21673.1","23295","oanda_v20_mid_utc","true"
"NAS100_USD","2025-06-16","21673.2","21981.1","21645.5","21783.8","381650","oanda_v20_mid_utc","true"
"NAS100_USD","2025-06-17","21785","21900.3","21649.2","21690.5","457174","oanda_v20_mid_utc","true"
"NAS100_USD","2025-06-18","21692.2","21881.6","21681.6","21746","379000","oanda_v20_mid_utc","true"
"NAS100_USD","2025-06-19","21746.1","21750.2","21449","21682.4","179864","oanda_v20_mid_utc","true"
"NAS100_USD","2025-06-20","21683","21925.6","21569.4","21677.4","397035","oanda_v20_mid_utc","true"
"NAS100_USD","2025-06-22","21477.1","21588","21465.3","21565","24655","oanda_v20_mid_utc","true"
"NAS100_USD","2025-06-23","21565.1","22066.4","21511.8","22047.6","461407","oanda_v20_mid_utc","true"
"NAS100_USD","2025-06-24","22047.5","22257.5","22005.6","22234.4","320650","oanda_v20_mid_utc","true"
"NAS100_USD","2025-06-25","22235.8","22358","22199","22274.4","313078","oanda_v20_mid_utc","true"
"NAS100_USD","2025-06-26","22275.9","22522.5","22267.4","22489.8","285335","oanda_v20_mid_utc","true"
"NAS100_USD","2025-06-27","22489.6","22632.8","22412.8","22551.6","332836","oanda_v20_mid_utc","true"
"NAS100_USD","2025-06-29","22580","22658.8","22569.4","22629.2","12677","oanda_v20_mid_utc","true"
"NAS100_USD","2025-06-30","22629.2","22751.4","22600.3","22700.6","293510","oanda_v20_mid_utc","true"
"NAS100_USD","2025-07-01","22702.1","22733.6","22413.8","22530","371814","oanda_v20_mid_utc","true"
"NAS100_USD","2025-07-02","22530.7","22682.1","22406.2","22669.4","288070","oanda_v20_mid_utc","true"
"NAS100_USD","2025-07-03","22668","22922.3","22648","22854.6","190626","oanda_v20_mid_utc","true"
"NAS100_USD","2025-07-04","22853.8","22868.8","22700.8","22723.8","106459","oanda_v20_mid_utc","true"
"NAS100_USD","2025-07-06","22815.6","22844.8","22779.6","22803.2","13016","oanda_v20_mid_utc","true"
"NAS100_USD","2025-07-07","22803.4","22820.6","22611.8","22704.8","362608","oanda_v20_mid_utc","true"
"NAS100_USD","2025-07-08","22704.6","22802.6","22672.2","22734.9","306000","oanda_v20_mid_utc","true"
"NAS100_USD","2025-07-09","22733.9","22945","22678","22870.6","282522","oanda_v20_mid_utc","true"
"NAS100_USD","2025-07-10","22871","22925.8","22737.3","22882.6","265410","oanda_v20_mid_utc","true"
"NAS100_USD","2025-07-11","22882.8","22884","22669.6","22779","319563","oanda_v20_mid_utc","true"
"NAS100_USD","2025-07-13","22682.8","22728.8","22657.8","22707.8","14267","oanda_v20_mid_utc","true"
"NAS100_USD","2025-07-14","22708.8","22908.9","22646.4","22860.3","267073","oanda_v20_mid_utc","true"
"NAS100_USD","2025-07-15","22860.8","23071.5","22824.8","22864.8","365970","oanda_v20_mid_utc","true"
"NAS100_USD","2025-07-16","22864.6","22953.9","22690.4","22894.6","368649","oanda_v20_mid_utc","true"
"NAS100_USD","2025-07-17","22894.6","23143.3","22871.3","23135.8","248907","oanda_v20_mid_utc","true"
"NAS100_USD","2025-07-18","23135.8","23175.4","23028.9","23085.2","238806","oanda_v20_mid_utc","true"
"NAS100_USD","2025-07-20","23073","23120.2","23062.5","23117.8","6508","oanda_v20_mid_utc","true"
"NAS100_USD","2025-07-21","23118.2","23288","23081.9","23211.6","198344","oanda_v20_mid_utc","true"
"NAS100_USD","2025-07-22","23211.2","23232.1","22974.8","23130.8","303171","oanda_v20_mid_utc","true"
"NAS100_USD","2025-07-23","23130.6","23288","23015.8","23272.6","299623","oanda_v20_mid_utc","true"
"NAS100_USD","2025-07-24","23271.6","23295.3","23170.2","23279.6","263190","oanda_v20_mid_utc","true"
"NAS100_USD","2025-07-25","23279.6","23351.8","23204.3","23319.6","211822","oanda_v20_mid_utc","true"
"NAS100_USD","2025-07-27","23415.2","23431.1","23380.9","23409.6","11418","oanda_v20_mid_utc","true"
"NAS100_USD","2025-07-28","23409.6","23460.6","23312.6","23412.2","222257","oanda_v20_mid_utc","true"
"NAS100_USD","2025-07-29","23412","23535.8","23308.3","23360.6","260238","oanda_v20_mid_utc","true"
"NAS100_USD","2025-07-30","23360.5","23627.2","23247","23612.8","340841","oanda_v20_mid_utc","true"
"NAS100_USD","2025-07-31","23612.6","23732.5","23131.5","23187","481622","oanda_v20_mid_utc","true"
"NAS100_USD","2025-08-01","23187.3","23231.4","22681.9","22766.6","600886","oanda_v20_mid_utc","true"
"NAS100_USD","2025-08-03","22772.2","22827","22718.4","22823","20780","oanda_v20_mid_utc","true"
"NAS100_USD","2025-08-04","22823","23254.8","22813.2","23236.8","321551","oanda_v20_mid_utc","true"
"NAS100_USD","2025-08-05","23235.5","23306.3","22951.4","22958.4","410765","oanda_v20_mid_utc","true"
"NAS100_USD","2025-08-06","22958.4","23387.6","22954.8","23359.4","350762","oanda_v20_mid_utc","true"
"NAS100_USD","2025-08-07","23359.8","23578.2","23238.6","23448","458105","oanda_v20_mid_utc","true"
"NAS100_USD","2025-08-08","23449.8","23677.5","23411","23676.4","262969","oanda_v20_mid_utc","true"
"NAS100_USD","2025-08-10","23667","23671.4","23609","23614.6","8205","oanda_v20_mid_utc","true"
"NAS100_USD","2025-08-11","23615","23711.5","23502.8","23551.8","265178","oanda_v20_mid_utc","true"
"NAS100_USD","2025-08-12","23549.6","23881.8","23511.2","23878.4","311693","oanda_v20_mid_utc","true"
"NAS100_USD","2025-08-13","23877.4","23986","23806.1","23869","271494","oanda_v20_mid_utc","true"
"NAS100_USD","2025-08-14","23869.4","23924.7","23712.8","23808.6","337839","oanda_v20_mid_utc","true"
"NAS100_USD","2025-08-15","23808.6","23882.7","23658","23721.1","305749","oanda_v20_mid_utc","true"
"NAS100_USD","2025-08-17","23739.5","23782.3","23739","23773.3","6896","oanda_v20_mid_utc","true"
"NAS100_USD","2025-08-18","23772.8","23804.2","23641.6","23736.4","252374","oanda_v20_mid_utc","true"
"NAS100_USD","2025-08-19","23736.5","23736.6","23348.8","23357.2","348886","oanda_v20_mid_utc","true"
"NAS100_USD","2025-08-20","23357.6","23386.6","22970","23254.8","486747","oanda_v20_mid_utc","true"
"NAS100_USD","2025-08-21","23254.7","23304.3","23056.6","23183.8","411855","oanda_v20_mid_utc","true"
"NAS100_USD","2025-08-22","23183.6","23584.6","23013.2","23516.9","392194","oanda_v20_mid_utc","true"
"NAS100_USD","2025-08-24","23522.8","23525.8","23481.8","23511.2","10705","oanda_v20_mid_utc","true"
"NAS100_USD","2025-08-25","23511.2","23557.3","23381.5","23441.4","272086","oanda_v20_mid_utc","true"
"NAS100_USD","2025-08-26","23441","23571","23316.6","23562","318325","oanda_v20_mid_utc","true"
"NAS100_USD","2025-08-27","23562.4","23620.4","23386.2","23459.2","281182","oanda_v20_mid_utc","true"
"NAS100_USD","2025-08-28","23457.9","23755.7","23438.6","23699","309917","oanda_v20_mid_utc","true"
"NAS100_USD","2025-08-29","23698.6","23706.6","23353.8","23412.5","362576","oanda_v20_mid_utc","true"
"NAS100_USD","2025-08-31","23418.8","23499.8","23418.8","23491.8","7134","oanda_v20_mid_utc","true"
"NAS100_USD","2025-09-01","23492.2","23506.5","23326","23399.2","99607","oanda_v20_mid_utc","true"
"NAS100_USD","2025-09-02","23399.4","23437.4","22979.2","23298.4","456613","oanda_v20_mid_utc","true"
"NAS100_USD","2025-09-03","23296.4","23489.5","23264.2","23403.6","386123","oanda_v20_mid_utc","true"
"NAS100_USD","2025-09-04","23402.6","23681.3","23375.8","23671.6","307324","oanda_v20_mid_utc","true"
"NAS100_USD","2025-09-05","23671.5","23867","23470.5","23639.9","504274","oanda_v20_mid_utc","true"
"NAS100_USD","2025-09-07","23639.8","23749.8","23616.4","23743.4","12257","oanda_v20_mid_utc","true"
"NAS100_USD","2025-09-08","23743.4","23853.6","23692.5","23779.6","285696","oanda_v20_mid_utc","true"
"NAS100_USD","2025-09-09","23779.4","23891.4","23698.8","23860.8","339558","oanda_v20_mid_utc","true"
"NAS100_USD","2025-09-10","23859.8","24018.8","23763.2","23878.4","330921","oanda_v20_mid_utc","true"
"NAS100_USD","2025-09-11","23877.4","24024.5","23819.8","23999.5","330176","oanda_v20_mid_utc","true"
"NAS100_USD","2025-09-12","23999.2","24141.2","23949","24096.4","256962","oanda_v20_mid_utc","true"
"NAS100_USD","2025-09-14","24093.3","24110","24080.4","24090.4","5672","oanda_v20_mid_utc","true"
"NAS100_USD","2025-09-15","24091.5","24304","24056.8","24294","275240","oanda_v20_mid_utc","true"
"NAS100_USD","2025-09-16","24294.2","24392.5","24247.3","24295.9","283849","oanda_v20_mid_utc","true"
"NAS100_USD","2025-09-17","24296","24380.4","24022","24376.8","397458","oanda_v20_mid_utc","true"
"NAS100_USD","2025-09-18","24377","24608.8","24353","24531.8","350141","oanda_v20_mid_utc","true"
"NAS100_USD","2025-09-19","24531.5","24682.1","24446.7","24653.4","310121","oanda_v20_mid_utc","true"
"NAS100_USD","2025-09-21","24648.6","24657.9","24618.5","24642.8","6040","oanda_v20_mid_utc","true"
"NAS100_USD","2025-09-22","24642.6","24825.1","24540.2","24796.1","303917","oanda_v20_mid_utc","true"
"NAS100_USD","2025-09-23","24796.4","24824.2","24581.9","24642.4","342994","oanda_v20_mid_utc","true"
"NAS100_USD","2025-09-24","24641.8","24713.1","24432.9","24560.6","321029","oanda_v20_mid_utc","true"
"NAS100_USD","2025-09-25","24560.4","24596.7","24227.2","24424","441208","oanda_v20_mid_utc","true"
"NAS100_USD","2025-09-26","24423.5","24557.5","24327.7","24537.3","467209","oanda_v20_mid_utc","true"
"NAS100_USD","2025-09-28","24547.5","24588.6","24535.2","24582.8","6990","oanda_v20_mid_utc","true"
"NAS100_USD","2025-09-29","24584.2","24785","24575.8","24639.8","318061","oanda_v20_mid_utc","true"
"NAS100_USD","2025-09-30","24639.2","24734.2","24538.8","24649","408778","oanda_v20_mid_utc","true"
"NAS100_USD","2025-10-01","24650.2","24855.8","24452.7","24843.6","358484","oanda_v20_mid_utc","true"
"NAS100_USD","2025-10-02","24843.6","25001.1","24815","24944.2","339302","oanda_v20_mid_utc","true"
"NAS100_USD","2025-10-03","24943.9","25016.4","24745.6","24805","360981","oanda_v20_mid_utc","true"
"NAS100_USD","2025-10-05","24837","24908.6","24832.9","24888.8","13033","oanda_v20_mid_utc","true"
"NAS100_USD","2025-10-06","24888.6","25082.6","24867.3","24971.8","347223","oanda_v20_mid_utc","true"
"NAS100_USD","2025-10-07","24972","25104.7","24818","24865.8","397937","oanda_v20_mid_utc","true"
"NAS100_USD","2025-10-08","24866","25228.2","24859.2","25214.4","308945","oanda_v20_mid_utc","true"
"NAS100_USD","2025-10-09","25214.4","25214.4","24998.4","25172.6","348536","oanda_v20_mid_utc","true"
"NAS100_USD","2025-10-10","25172.2","25225.3","23998.6","24018.5","729200","oanda_v20_mid_utc","true"
"NAS100_USD","2025-10-12","24575.8","24635.4","24457.1","24627.8","26014","oanda_v20_mid_utc","true"
"NAS100_USD","2025-10-13","24628.2","24808.3","24566.3","24757.8","552674","oanda_v20_mid_utc","true"
"NAS100_USD","2025-10-14","24757.4","24890.2","24269.8","24628","711848","oanda_v20_mid_utc","true"
"NAS100_USD","2025-10-15","24627.9","24969.8","24519","24798","591912","oanda_v20_mid_utc","true"
"NAS100_USD","2025-10-16","24797.6","25034.5","24501.8","24617.9","748669","oanda_v20_mid_utc","true"
"NAS100_USD","2025-10-17","24617.2","24917.1","24268.2","24895.9","775449","oanda_v20_mid_utc","true"
"NAS100_USD","2025-10-19","24948","24948.8","24852","24876.4","16391","oanda_v20_mid_utc","true"
"NAS100_USD","2025-10-20","24875.2","25222.1","24820.6","25193.2","358487","oanda_v20_mid_utc","true"
"NAS100_USD","2025-10-21","25192","25236.8","25072.4","25116.6","379522","oanda_v20_mid_utc","true"
"NAS100_USD","2025-10-22","25116.8","25209.4","24680.2","24871","576699","oanda_v20_mid_utc","true"
"NAS100_USD","2025-10-23","24870.6","25181.4","24811.4","25175","462018","oanda_v20_mid_utc","true"
"NAS100_USD","2025-10-24","25175.7","25447","25162.7","25393.2","350928","oanda_v20_mid_utc","true"
"NAS100_USD","2025-10-26","25602","25631.4","25579.6","25596.8","16612","oanda_v20_mid_utc","true"
"NAS100_USD","2025-10-27","25596.5","25902.8","25587","25879.8","290411","oanda_v20_mid_utc","true"
"NAS100_USD","2025-10-28","25880.2","26118.5","25828.7","26070.8","322872","oanda_v20_mid_utc","true"
"NAS100_USD","2025-10-29","26070.8","26266.7","25938.3","26124","475162","oanda_v20_mid_utc","true"
"NAS100_USD","2025-10-30","26125.3","26288.1","25745.2","26060","732877","oanda_v20_mid_utc","true"
"NAS100_USD","2025-10-31","26060.2","26162.4","25780.2","25874.8","547790","oanda_v20_mid_utc","true"
"NAS100_USD","2025-11-02","25921.4","25983.8","25917.2","25971.8","8456","oanda_v20_mid_utc","true"
"NAS100_USD","2025-11-03","25972.1","26156.6","25907","25968.2","477704","oanda_v20_mid_utc","true"
"NAS100_USD","2025-11-04","25967.6","25968","25405.6","25407.6","653368","oanda_v20_mid_utc","true"
"NAS100_USD","2025-11-05","25407.7","25785.4","25186.6","25680.6","599396","oanda_v20_mid_utc","true"
"NAS100_USD","2025-11-06","25680.5","25730","25110.8","25227.9","718442","oanda_v20_mid_utc","true"
"NAS100_USD","2025-11-07","25227.8","25265.8","24625.9","25138.2","789446","oanda_v20_mid_utc","true"
"NAS100_USD","2025-11-09","25258.7","25285.6","25210.8","25248.6","13168","oanda_v20_mid_utc","true"
"NAS100_USD","2025-11-10","25248.4","25678.1","25182.4","25660.8","539804","oanda_v20_mid_utc","true"
"NAS100_USD","2025-11-11","25660.5","25687.2","25397","25571","546128","oanda_v20_mid_utc","true"
"NAS100_USD","2025-11-12","25572.7","25750.4","25412.4","25463.9","617124","oanda_v20_mid_utc","true"
"NAS100_USD","2025-11-13","25463.8","25644.4","24930.8","25032.5","792832","oanda_v20_mid_utc","true"
"NAS100_USD","2025-11-14","25032.4","25221.5","24551","25070.8","895989","oanda_v20_mid_utc","true"
"NAS100_USD","2025-11-16","25011","25115.8","24950.4","25097.7","15108","oanda_v20_mid_utc","true"
"NAS100_USD","2025-11-17","25097.6","25288.7","24667.5","24854.4","811446","oanda_v20_mid_utc","true"
"NAS100_USD","2025-11-18","24854.6","24893.7","24314.2","24528.7","1041157","oanda_v20_mid_utc","true"
"NAS100_USD","2025-11-19","24526.8","25046.4","24384.1","25044.7","961832","oanda_v20_mid_utc","true"
"NAS100_USD","2025-11-20","25043.4","25245.8","23955","24072","1072984","oanda_v20_mid_utc","true"
"NAS100_USD","2025-11-21","24072.3","24538.2","23840.1","24289","1146370","oanda_v20_mid_utc","true"
"NAS100_USD","2025-11-23","24452.6","24470.6","24398.7","24412.7","12357","oanda_v20_mid_utc","true"
"NAS100_USD","2025-11-24","24413","24939.4","24304","24905.8","701006","oanda_v20_mid_utc","true"
"NAS100_USD","2025-11-25","24905.8","25085.8","24548.8","25035.2","687902","oanda_v20_mid_utc","true"
"NAS100_USD","2025-11-26","25035","25324","25016","25274.8","488984","oanda_v20_mid_utc","true"
"NAS100_USD","2025-11-27","25273.8","25290","25237","25278.3","105044","oanda_v20_mid_utc","true"
"NAS100_USD","2025-11-28","25278.2","25455.2","25275","25426.2","136837","oanda_v20_mid_utc","true"
"NAS100_USD","2025-11-30","25468","25479.2","25398.8","25422.1","13242","oanda_v20_mid_utc","true"
"NAS100_USD","2025-12-01","25423.6","25459.4","25149.2","25362.8","613135","oanda_v20_mid_utc","true"
"NAS100_USD","2025-12-02","25363.2","25633.8","25288.9","25588.6","565610","oanda_v20_mid_utc","true"
"NAS100_USD","2025-12-03","25589","25653.3","25386.3","25614.6","457389","oanda_v20_mid_utc","true"
"NAS100_USD","2025-12-04","25614.4","25699.1","25458.9","25588","482693","oanda_v20_mid_utc","true"
"NAS100_USD","2025-12-05","25588.3","25834.4","25547","25701.8","426600","oanda_v20_mid_utc","true"
"NAS100_USD","2025-12-07","25713","25723.6","25687.4","25713.4","7644","oanda_v20_mid_utc","true"
"NAS100_USD","2025-12-08","25713","25828.1","25541","25702.4","410240","oanda_v20_mid_utc","true"
"NAS100_USD","2025-12-09","25702.4","25714.3","25535.8","25650.6","393229","oanda_v20_mid_utc","true"
"NAS100_USD","2025-12-10","25650.2","25849","25507.4","25709.6","505437","oanda_v20_mid_utc","true"
"NAS100_USD","2025-12-11","25709.7","25844.6","25363.5","25653.6","577270","oanda_v20_mid_utc","true"
"NAS100_USD","2025-12-12","25653.6","25686","25099.8","25191.2","621519","oanda_v20_mid_utc","true"
"NAS100_USD","2025-12-14","25223.8","25224.4","25115.8","25176.2","15593","oanda_v20_mid_utc","true"
"NAS100_USD","2025-12-15","25175.9","25391.6","25017.6","25071.2","580615","oanda_v20_mid_utc","true"
"NAS100_USD","2025-12-16","25071.6","25232.6","24838.8","25105.3","647180","oanda_v20_mid_utc","true"
"NAS100_USD","2025-12-17","25105","25296.6","24697.3","24741.6","621271","oanda_v20_mid_utc","true"
"NAS100_USD","2025-12-18","24742.4","25220.7","24710.6","25065.6","644688","oanda_v20_mid_utc","true"
"NAS100_USD","2025-12-19","25065.3","25408.8","25020.9","25399.4","469689","oanda_v20_mid_utc","true"
"NAS100_USD","2025-12-21","25464.4","25480.8","25437.9","25475.6","7363","oanda_v20_mid_utc","true"
"NAS100_USD","2025-12-22","25475","25600.3","25435.7","25526","320817","oanda_v20_mid_utc","true"
"NAS100_USD","2025-12-23","25526.1","25637.6","25421.3","25624","283040","oanda_v20_mid_utc","true"
"NAS100_USD","2025-12-24","25624.2","25708","25592.8","25676.7","131788","oanda_v20_mid_utc","true"
"NAS100_USD","2025-12-25","25692.4","25713.8","25682","25704","4129","oanda_v20_mid_utc","true"
"NAS100_USD","2025-12-26","25704","25751","25650.7","25676.6","211153","oanda_v20_mid_utc","true"
"NAS100_USD","2025-12-28","25695","25699.6","25665.4","25691.6","4826","oanda_v20_mid_utc","true"
"NAS100_USD","2025-12-29","25691.8","25714.6","25478.2","25538.2","330484","oanda_v20_mid_utc","true"
"NAS100_USD","2025-12-30","25538.4","25625","25477.4","25490.6","263610","oanda_v20_mid_utc","true"
"NAS100_USD","2025-12-31","25490.6","25550","25268.3","25268.6","282832","oanda_v20_mid_utc","true"
"NAS100_USD","2026-01-01","25310.9","25337.7","25284.4","25331.7","6526","oanda_v20_mid_utc","true"
"NAS100_USD","2026-01-02","25331.3","25638","25103.7","25231","481067","oanda_v20_mid_utc","true"
"NAS100_USD","2026-01-04","25277.8","25301","25245.2","25295.8","12814","oanda_v20_mid_utc","true"
"NAS100_USD","2026-01-05","25296","25547.9","25274","25412.6","427550","oanda_v20_mid_utc","true"
"NAS100_USD","2026-01-06","25413.3","25693","25374.3","25673.4","376875","oanda_v20_mid_utc","true"
"NAS100_USD","2026-01-07","25675.2","25846.8","25575.6","25673.6","358413","oanda_v20_mid_utc","true"
"NAS100_USD","2026-01-08","25673.6","25694.5","25420.5","25529.8","469668","oanda_v20_mid_utc","true"
"NAS100_USD","2026-01-09","25529.6","25840.3","25470","25786.6","421431","oanda_v20_mid_utc","true"
"NAS100_USD","2026-01-11","25759.4","25776.7","25725.4","25748.4","10602","oanda_v20_mid_utc","true"
"NAS100_USD","2026-01-12","25748.6","25877.9","25488.6","25756.8","424815","oanda_v20_mid_utc","true"
"NAS100_USD","2026-01-13","25756.8","25906.4","25667.3","25753.4","501276","oanda_v20_mid_utc","true"
"NAS100_USD","2026-01-14","25753.2","25787.7","25288.8","25472.6","602939","oanda_v20_mid_utc","true"
"NAS100_USD","2026-01-15","25472.6","25819.8","25430.4","25609.4","557564","oanda_v20_mid_utc","true"
"NAS100_USD","2026-01-16","25610.2","25759","25459.7","25552.6","431779","oanda_v20_mid_utc","true"
"NAS100_USD","2026-01-18","25323.5","25339.5","25276.4","25338.4","19001","oanda_v20_mid_utc","true"
"NAS100_USD","2026-01-19","25339","25341.2","25108.4","25258.6","308818","oanda_v20_mid_utc","true"
"NAS100_USD","2026-01-20","25258.2","25318","24976.2","24999.8","772130","oanda_v20_mid_utc","true"
"NAS100_USD","2026-01-21","25000.2","25539.3","24910.6","25439.2","816837","oanda_v20_mid_utc","true"
"NAS100_USD","2026-01-22","25439","25626.2","25370","25505.4","584055","oanda_v20_mid_utc","true"
"NAS100_USD","2026-01-23","25504.5","25733.4","25428.4","25567.4","517039","oanda_v20_mid_utc","true"
"NAS100_USD","2026-01-25","25341.7","25460.8","25315.7","25448.5","16960","oanda_v20_mid_utc","true"
"NAS100_USD","2026-01-26","25449.9","25827.6","25433.8","25786.6","496387","oanda_v20_mid_utc","true"
"NAS100_USD","2026-01-27","25786.2","26044.2","25771.9","26036","392022","oanda_v20_mid_utc","true"
"NAS100_USD","2026-01-28","26036.4","26246.4","25896.4","26068","539665","oanda_v20_mid_utc","true"
"NAS100_USD","2026-01-29","26068.2","26179","25435","25873.3","829614","oanda_v20_mid_utc","true"
"NAS100_USD","2026-01-30","25872.6","25894.3","25470.4","25549.8","989795","oanda_v20_mid_utc","true"
"NAS100_USD","2026-02-01","25426.6","25474.7","25277.8","25436.7","27134","oanda_v20_mid_utc","true"
"NAS100_USD","2026-02-02","25436.6","25887.8","25084.4","25858.8","762822","oanda_v20_mid_utc","true"
"NAS100_USD","2026-02-03","25859","25938.6","25130.3","25344.2","832718","oanda_v20_mid_utc","true"
"NAS100_USD","2026-02-04","25344.2","25431.6","24700.8","24986.4","874773","oanda_v20_mid_utc","true"
"NAS100_USD","2026-02-05","24986.6","25087.9","24218.7","24259.4","1098352","oanda_v20_mid_utc","true"
"NAS100_USD","2026-02-06","24258","25146.5","24165.2","25028.4","821515","oanda_v20_mid_utc","true"
"NAS100_USD","2026-02-08","25118.7","25218","25100.9","25199.2","18518","oanda_v20_mid_utc","true"
"NAS100_USD","2026-02-09","25199","25359.8","24879.4","25274.9","663522","oanda_v20_mid_utc","true"
"NAS100_USD","2026-02-10","25275.2","25376.8","25130","25204.6","626338","oanda_v20_mid_utc","true"
"NAS100_USD","2026-02-11","25204.6","25396.8","24990","25168.8","674435","oanda_v20_mid_utc","true"
"NAS100_USD","2026-02-12","25168.1","25353.8","24658.4","24757","733852","oanda_v20_mid_utc","true"
"NAS100_USD","2026-02-13","24756.7","24933.4","24513.2","24720","909188","oanda_v20_mid_utc","true"
"NAS100_USD","2026-02-15","24761.3","24776.6","24692.9","24774.5","11061","oanda_v20_mid_utc","true"
"NAS100_USD","2026-02-16","24773","24859.6","24609.4","24757.8","251769","oanda_v20_mid_utc","true"
"NAS100_USD","2026-02-17","24758","24837","24389.4","24658.1","803503","oanda_v20_mid_utc","true"
"NAS100_USD","2026-02-18","24658.5","25076.4","24656","24909.2","611437","oanda_v20_mid_utc","true"
"NAS100_USD","2026-02-19","24909.2","24998.4","24696.8","24824.8","680387","oanda_v20_mid_utc","true"
"NAS100_USD","2026-02-20","24824.9","25086.3","24626","25028","716981","oanda_v20_mid_utc","true"
"NAS100_USD","2026-02-22","24998.8","25007","24885.8","24921.6","18012","oanda_v20_mid_utc","true"
"NAS100_USD","2026-02-23","24920.9","24989","24617.5","24745.5","725982","oanda_v20_mid_utc","true"
"NAS100_USD","2026-02-24","24745.7","25037.8","24651.5","25004.4","614423","oanda_v20_mid_utc","true"
"NAS100_USD","2026-02-25","25003.9","25455","24953.8","25277.4","511794","oanda_v20_mid_utc","true"
"NAS100_USD","2026-02-26","25277.2","25375.8","24823","24957.6","668666","oanda_v20_mid_utc","true"
"NAS100_USD","2026-02-27","24957.3","25060","24744","24925.8","713078","oanda_v20_mid_utc","true"
"NAS100_USD","2026-03-01","24668.9","24777.6","24654.3","24703","23537","oanda_v20_mid_utc","true"
"NAS100_USD","2026-03-02","24703.1","25063.6","24441.1","24934.2","821588","oanda_v20_mid_utc","true"
"NAS100_USD","2026-03-03","24935","24944.8","24314.6","24675","1113059","oanda_v20_mid_utc","true"
"NAS100_USD","2026-03-04","24675.4","25191.8","24472.2","25144.2","997087","oanda_v20_mid_utc","true"
"NAS100_USD","2026-03-05","25144.2","25215.8","24747.6","25030.6","1040934","oanda_v20_mid_utc","true"
"NAS100_USD","2026-03-06","25030","25111.2","24578","24645","969617","oanda_v20_mid_utc","true"
"NAS100_USD","2026-03-08","24332","24349.2","24141.1","24187.1","46207","oanda_v20_mid_utc","true"
"NAS100_USD","2026-03-09","24187.2","25034","23972.7","24860.9","1012665","oanda_v20_mid_utc","true"
"NAS100_USD","2026-03-10","24860.8","25198.5","24812.2","24996.6","959145","oanda_v20_mid_utc","true"
"NAS100_USD","2026-03-11","24996.1","25159.8","24716.4","24770.8","764564","oanda_v20_mid_utc","true"
"NAS100_USD","2026-03-12","24770.7","24910.8","24502.6","24511.2","818047","oanda_v20_mid_utc","true"
"NAS100_USD","2026-03-13","24511.4","24787.2","24324","24328.2","775529","oanda_v20_mid_utc","true"
"NAS100_USD","2026-03-15","24308.7","24479.2","24280.5","24424.2","30231","oanda_v20_mid_utc","true"
"NAS100_USD","2026-03-16","24424.4","24802.2","24421.2","24688.4","801636","oanda_v20_mid_utc","true"
"NAS100_USD","2026-03-17","24688.2","24922","24536.4","24814.2","681230","oanda_v20_mid_utc","true"
"NAS100_USD","2026-03-18","24812.6","25019.8","24375.2","24429.2","638425","oanda_v20_mid_utc","true"
"NAS100_USD","2026-03-19","24429.6","24537.4","24139.2","24435.8","930042","oanda_v20_mid_utc","true"
"NAS100_USD","2026-03-20","24436","24476.6","23791.8","24024.4","753008","oanda_v20_mid_utc","true"
"NAS100_USD","2026-03-22","23768.3","23913.8","23738.8","23824.3","45753","oanda_v20_mid_utc","true"
"NAS100_USD","2026-03-23","23825.4","24580.4","23591.7","24279.8","1029617","oanda_v20_mid_utc","true"
"NAS100_USD","2026-03-24","24278.6","24376","23958.2","24241.2","993861","oanda_v20_mid_utc","true"
"NAS100_USD","2026-03-25","24240.9","24367.9","24112.2","24150.9","734304","oanda_v20_mid_utc","true"
"NAS100_USD","2026-03-26","24151","24248.8","23598.5","23711.2","796434","oanda_v20_mid_utc","true"
"NAS100_USD","2026-03-27","23712.2","23810","23075.2","23104.2","720986","oanda_v20_mid_utc","true"
"NAS100_USD","2026-03-29","23020.4","23084.5","22951.2","22970","54386","oanda_v20_mid_utc","true"
"NAS100_USD","2026-03-30","22970.4","23413.6","22872.8","22896.2","1139860","oanda_v20_mid_utc","true"
"NAS100_USD","2026-03-31","22896.6","23893.8","22813","23885","1363107","oanda_v20_mid_utc","true"
"NAS100_USD","2026-04-01","23885","24194.3","23804.6","24027.4","1056148","oanda_v20_mid_utc","true"
"NAS100_USD","2026-04-02","24027.7","24089.6","23511","24060.6","1168173","oanda_v20_mid_utc","true"
"NAS100_USD","2026-04-03","24061","24102.5","23954.1","23976.6","123590","oanda_v20_mid_utc","true"
"NAS100_USD","2026-04-05","23881.4","23944.8","23829","23939.4","43851","oanda_v20_mid_utc","true"
"NAS100_USD","2026-04-06","23939.6","24299","23935.4","24166.4","740250","oanda_v20_mid_utc","true"
"NAS100_USD","2026-04-07","24165.8","24946.8","23808.2","24911.4","1039370","oanda_v20_mid_utc","true"
"NAS100_USD","2026-04-08","24908.8","25117.2","24789","24882","901981","oanda_v20_mid_utc","true"
"NAS100_USD","2026-04-09","24882","25127","24809","25082.4","788537","oanda_v20_mid_utc","true"
"NAS100_USD","2026-04-10","25081.6","25251.1","25061.4","25184.2","699527","oanda_v20_mid_utc","true"
"NAS100_USD","2026-04-12","24832.6","24877.2","24781.4","24841.6","58244","oanda_v20_mid_utc","true"
"NAS100_USD","2026-04-13","24842.2","25484.1","24807.8","25451.4","701310","oanda_v20_mid_utc","true"
"NAS100_USD","2026-04-14","25451.4","25900.5","25425.6","25883.4","572803","oanda_v20_mid_utc","true"
"NAS100_USD","2026-04-15","25882.2","26280.4","25799.8","26272.4","667998","oanda_v20_mid_utc","true"
"NAS100_USD","2026-04-16","26273.4","26429.3","26141.8","26346.7","659526","oanda_v20_mid_utc","true"
"NAS100_USD","2026-04-17","26346.6","26749.5","26310.4","26708","725093","oanda_v20_mid_utc","true"
"NAS100_USD","2026-04-19","26407.4","26549.2","26404","26526.2","42306","oanda_v20_mid_utc","true"
"NAS100_USD","2026-04-20","26526","26692.8","26436.7","26673","734261","oanda_v20_mid_utc","true"
"NAS100_USD","2026-04-21","26673.1","26777.4","26430.7","26652","774728","oanda_v20_mid_utc","true"
"NAS100_USD","2026-04-22","26652.2","27014.4","26646.2","26975.4","651918","oanda_v20_mid_utc","true"
"NAS100_USD","2026-04-23","26975.4","27035.1","26561.2","26960.2","948779","oanda_v20_mid_utc","true"
"NAS100_USD","2026-04-24","26960.6","27345.6","26896.8","27323.4","783296","oanda_v20_mid_utc","true"
"NAS100_USD","2026-04-26","27267.8","27281.5","27226.8","27267.2","22766","oanda_v20_mid_utc","true"
"NAS100_USD","2026-04-27","27267.4","27424.4","27181.8","27380.4","693101","oanda_v20_mid_utc","true"
"NAS100_USD","2026-04-28","27380.2","27402.3","26902.8","27141.4","899866","oanda_v20_mid_utc","true"
"NAS100_USD","2026-04-29","27141.2","27452.8","26992.1","27447.6","828892","oanda_v20_mid_utc","true"
"NAS100_USD","2026-04-30","27448","27543.3","27059.9","27491.3","1007174","oanda_v20_mid_utc","true"
"NAS100_USD","2026-05-01","27493.4","27815.2","27433.9","27685.4","700981","oanda_v20_mid_utc","true"
"NAS100_USD","2026-05-03","27801.2","27807.7","27713.8","27723","25804","oanda_v20_mid_utc","true"
"NAS100_USD","2026-05-04","27722.5","27864.4","27522.2","27650.6","886675","oanda_v20_mid_utc","true"
"NAS100_USD","2026-05-05","27651","28326","27645","28276.2","667529","oanda_v20_mid_utc","true"
"NAS100_USD","2026-05-06","28276.4","28707.5","28154.8","28578.1","887024","oanda_v20_mid_utc","true"
"NAS100_USD","2026-05-07","28578","28852.5","28463.8","28586.4","963942","oanda_v20_mid_utc","true"
"NAS100_USD","2026-05-08","28586.8","29291.8","28586.8","29241","713858","oanda_v20_mid_utc","true"
"NAS100_USD","2026-05-10","29212.4","29253.2","29133.3","29211","31623","oanda_v20_mid_utc","true"
"NAS100_USD","2026-05-11","29211","29391","29154.8","29343","856590","oanda_v20_mid_utc","true"
"NAS100_USD","2026-05-12","29342.4","29343.2","28661.6","29000.8","1033371","oanda_v20_mid_utc","true"
"NAS100_USD","2026-05-13","29000.6","29567.9","28974.8","29551.8","879436","oanda_v20_mid_utc","true"
"NAS100_USD","2026-05-14","29552.2","29704","29368.3","29605","871044","oanda_v20_mid_utc","true"
"NAS100_USD","2026-05-15","29604.8","29644","29006.8","29117","1188041","oanda_v20_mid_utc","true"
"NAS100_USD","2026-05-17","29130.9","29204.2","28933","29038.9","54045","oanda_v20_mid_utc","true"
"NAS100_USD","2026-05-18","29039","29340.6","28736.4","29059","1325570","oanda_v20_mid_utc","true"
"NAS100_USD","2026-05-19","29058.6","29112.8","28587.8","28885.1","1281016","oanda_v20_mid_utc","true"
"NAS100_USD","2026-05-20","28883.9","29332","28731","29124.6","1191952","oanda_v20_mid_utc","true"
"NAS100_USD","2026-05-21","29123.4","29516.8","29059.4","29486","1025878","oanda_v20_mid_utc","true"
"NAS100_USD","2026-05-22","29485.8","29686","29373.8","29466","845104","oanda_v20_mid_utc","true"
"NAS100_USD","2026-05-24","29687.2","29820.6","29682.5","29781.6","32054","oanda_v20_mid_utc","true"
"NAS100_USD","2026-05-25","29781.9","29932.8","29765.4","29817.1","260278","oanda_v20_mid_utc","true"
"NAS100_USD","2026-05-26","29817","30060.5","29682.8","30048.4","803624","oanda_v20_mid_utc","true"
"NAS100_USD","2026-05-27","30048.2","30327.5","29826.8","29931.1","877478","oanda_v20_mid_utc","true"
"NAS100_USD","2026-05-28","29931","30314.6","29715.8","30253.9","843557","oanda_v20_mid_utc","true"
"NAS100_USD","2026-05-29","30253.8","30488.6","30169.4","30344.4","802551","oanda_v20_mid_utc","true"
"NAS100_USD","2026-05-31","30389.2","30440.3","30317","30432.8","31228","oanda_v20_mid_utc","true"
"NAS100_USD","2026-06-01","30433","30656.2","30247","30433","860308","oanda_v20_mid_utc","true"
"NAS100_USD","2026-06-02","30433.2","30729.5","30281.6","30673.6","799680","oanda_v20_mid_utc","true"
"NAS100_USD","2026-06-03","30673.5","30773.2","30334.4","30357.2","921137","oanda_v20_mid_utc","true"
"NAS100_USD","2026-06-04","30357.3","30569.9","30115.8","30226.7","1101665","oanda_v20_mid_utc","true"
"NAS100_USD","2026-06-05","30228","30228","28747.6","28798.1","1317360","oanda_v20_mid_utc","true"
"NAS100_USD","2026-06-07","28789.8","29068.6","28788.4","29051.4","67947","oanda_v20_mid_utc","true"
"NAS100_USD","2026-06-08","29051","29708.2","28938.4","29399.3","1391959","oanda_v20_mid_utc","true"
"NAS100_USD","2026-06-09","29399.4","29821","28202.2","29041.8","1531495","oanda_v20_mid_utc","true"
"NAS100_USD","2026-06-10","29044","29226.2","28246.8","28343.9","1680193","oanda_v20_mid_utc","true"
"NAS100_USD","2026-06-11","28345","29575","28315.8","29560.2","1412120","oanda_v20_mid_utc","true"
"NAS100_USD","2026-06-12","29560.9","29744.9","29216.7","29669","1313994","oanda_v20_mid_utc","true"
"NAS100_USD","2026-06-14","30011.3","30079.3","29952.5","30039.1","58410","oanda_v20_mid_utc","true"
"NAS100_USD","2026-06-15","30039","30597.4","30028.8","30529.3","975289","oanda_v20_mid_utc","true"
"NAS100_USD","2026-06-16","30527.6","30669.6","30009.8","30064.4","1074730","oanda_v20_mid_utc","true"
"NAS100_USD","2026-06-17","30064.6","30318.8","29668.1","30058.2","1127321","oanda_v20_mid_utc","true"
"NAS100_USD","2026-06-18","30057.9","30539.1","30029.1","30447.5","1075806","oanda_v20_mid_utc","true"
"NAS100_USD","2026-06-19","30446.6","30460.5","30145.6","30411.8","395491","oanda_v20_mid_utc","true"
"NAS100_USD","2026-06-21","30335","30370.9","30092.1","30108.2","58206","oanda_v20_mid_utc","true"
"NAS100_USD","2026-06-22","30108.5","30722.4","30102.4","30339.9","1031552","oanda_v20_mid_utc","true"
"NAS100_USD","2026-06-23","30339","30399.9","29352.4","29522.6","1432017","oanda_v20_mid_utc","true"
"NAS100_USD","2026-06-24","29522.4","29945.2","29042.6","29873.3","1400197","oanda_v20_mid_utc","true"
"NAS100_USD","2026-06-25","29873.2","30040","29074.6","29489.4","1306268","oanda_v20_mid_utc","true"
"NAS100_USD","2026-06-26","29489.2","29554.2","28945.2","29082.8","1261436","oanda_v20_mid_utc","true"
"NAS100_USD","2026-06-28","29116.6","29470.8","29111","29406.8","45593","oanda_v20_mid_utc","true"
"NAS100_USD","2026-06-29","29407.8","29862.1","29062","29832.2","1220360","oanda_v20_mid_utc","true"
"NAS100_USD","2026-06-30","29832.1","30389.5","29727.9","30321.4","992023","oanda_v20_mid_utc","true"
"NAS100_USD","2026-07-01","30322","30341.2","29803","29838.4","1065553","oanda_v20_mid_utc","true"
"NAS100_USD","2026-07-02","29838.4","30112.4","29129.2","29401","1494892","oanda_v20_mid_utc","true"
"NAS100_USD","2026-07-03","29400.8","29755.8","29323.7","29706.8","354011","oanda_v20_mid_utc","true"
